evento_edicion_id,evento_id,edicion_id
1,1,58
2,2,58
3,3,60
4,4,60
5,5,58
6,6,58
7,7,15
8,8,26
9,8,40
10,8,42
11,9,16
12,9,22
13,10,40
14,10,42
15,11,16
16,12,16
17,13,16
18,13,22
19,13,42
20,13,44
21,13,45
22,13,47
23,13,49
24,13,51
25,13,53
26,13,55
27,13,57
28,13,59
29,14,16
30,14,22
31,14,42
32,14,44
33,14,45
34,14,47
35,14,49
36,14,51
37,14,53
38,14,55
39,14,57
40,14,59
41,15,22
42,15,24
43,15,26
44,15,28
45,15,30
46,15,32
47,15,34
48,15,36
49,15,38
50,15,40
51,15,42
52,15,44
53,15,45
54,15,47
55,15,49
56,15,51
57,15,53
58,15,55
59,15,57
60,15,59
61,16,22
62,16,24
63,16,26
64,16,28
65,16,30
66,16,32
67,16,34
68,16,36
69,16,38
70,16,40
71,16,42
72,16,44
73,16,45
74,16,47
75,16,49
76,16,51
77,16,53
78,16,55
79,16,57
80,16,59
81,17,22
82,18,24
83,18,26
84,18,28
85,18,30
86,18,32
87,18,34
88,18,36
89,18,38
90,18,40
91,18,42
92,18,44
93,18,45
94,18,47
95,18,49
96,18,51
97,18,53
98,18,55
99,18,57
100,18,59
101,19,24
102,19,26
103,19,28
104,19,30
105,19,32
106,19,34
107,19,36
108,19,38
109,19,40
110,19,42
111,19,44
112,19,45
113,19,47
114,19,49
115,19,51
116,19,53
117,19,55
118,19,57
119,19,59
120,20,16
121,20,22
122,21,16
123,21,22
124,22,59
125,23,22
126,23,24
127,23,26
128,23,28
129,23,30
130,23,32
131,23,34
132,23,36
133,23,38
134,23,40
135,23,42
136,23,44
137,23,45
138,23,47
139,23,49
140,23,51
141,23,53
142,23,55
143,23,57
144,23,59
145,24,22
146,24,24
147,24,26
148,24,28
149,24,30
150,24,32
151,24,34
152,24,36
153,24,38
154,24,40
155,24,42
156,24,44
157,24,45
158,24,47
159,24,49
160,24,51
161,24,53
162,24,55
163,24,57
164,24,59
165,25,42
166,25,44
167,25,45
168,25,47
169,25,49
170,25,51
171,25,53
172,25,55
173,25,57
174,25,59
175,26,42
176,26,44
177,26,45
178,26,47
179,26,49
180,26,51
181,26,53
182,26,55
183,26,57
184,26,59
185,27,57
186,27,59
187,28,16
188,29,10
189,29,13
190,29,15
191,30,2
192,31,2
193,32,2
194,33,2
195,34,2
196,35,5
197,36,3
198,37,3
199,38,3
200,38,5
201,39,3
202,39,5
203,40,3
204,41,3
205,42,2
206,43,33
207,43,35
208,43,37
209,43,39
210,43,41
211,43,43
212,43,46
213,43,48
214,43,50
215,43,52
216,43,54
217,43,56
218,43,58
219,43,60
220,44,33
221,44,35
222,44,37
223,44,39
224,44,41
225,44,43
226,44,46
227,44,48
228,44,50
229,44,52
230,44,54
231,44,56
232,44,58
233,44,60
234,45,8
235,46,8
236,47,8
237,48,8
238,49,2
239,50,2
240,51,8
241,52,8
242,53,8
243,54,8
244,55,8
245,56,8
246,57,41
247,57,43
248,57,46
249,57,48
250,57,50
251,57,52
252,57,54
253,57,56
254,57,58
255,57,60
256,58,41
257,58,43
258,58,46
259,58,48
260,58,50
261,58,52
262,58,54
263,58,56
264,58,58
265,58,60
266,59,58
267,59,60
268,60,3
269,61,3
270,62,2
271,63,9
272,63,23
273,64,6
274,64,8
275,64,9
276,65,11
277,65,13
278,65,15
279,65,21
280,66,11
281,66,13
282,66,15
283,66,21
284,67,11
285,67,13
286,67,21
287,68,13
288,68,15
289,68,21
290,69,6
291,69,9
292,69,13
293,70,6
294,70,8
295,70,9
296,70,13
297,71,15
298,72,11
299,72,21
300,73,11
301,73,15
302,73,21
303,74,11
304,74,15
305,75,11
306,75,15
307,75,21
308,76,15
309,76,21
310,77,6
311,77,8
312,77,9
313,77,13
314,78,21
315,79,11
316,79,15
317,79,21
318,80,11
319,80,15
320,81,11
321,81,15
322,81,21
323,82,15
324,83,21
325,84,6
326,84,8
327,84,9
328,85,15
329,86,15
330,86,21
331,87,11
332,87,13
333,87,15
334,88,11
335,88,13
336,88,15
337,89,11
338,89,13
339,89,15
340,90,11
341,90,13
342,90,15
343,90,21
344,91,11
345,91,13
346,91,15
347,92,11
348,92,13
349,92,15
350,92,21
351,93,13
352,94,13
353,94,15
354,94,21
355,95,9
356,96,6
357,96,8
358,96,9
359,97,15
360,98,15
361,99,21
362,100,13
363,101,11
364,101,13
365,102,15
366,102,21
367,103,13
368,104,11
369,104,13
370,104,15
371,104,21
372,105,13
373,105,21
374,106,13
375,106,15
376,106,21
377,107,13
378,109,1
379,110,5
380,111,5
381,112,5
382,113,2
383,114,2
384,115,2
385,116,5
386,117,5
387,119,58
388,119,60
389,120,58
390,120,60
391,121,23
392,121,25
393,121,27
394,121,29
395,121,31
396,121,33
397,121,35
398,121,37
399,121,39
400,121,41
401,121,43
402,121,46
403,121,48
404,121,50
405,121,52
406,121,54
407,121,56
408,121,58
409,121,60
410,122,3
411,122,13
412,124,6
413,125,8
414,127,2
415,128,2
416,129,2
417,130,2
418,131,23
419,131,25
420,131,27
421,131,29
422,131,31
423,131,33
424,131,35
425,131,37
426,131,39
427,131,41
428,131,43
429,131,46
430,131,48
431,131,50
432,131,52
433,131,54
434,131,56
435,131,58
436,131,60
437,132,13
438,132,15
439,132,21
440,132,23
441,132,25
442,132,27
443,132,29
444,132,31
445,132,33
446,132,35
447,132,37
448,132,39
449,132,41
450,132,43
451,132,46
452,132,48
453,132,50
454,132,52
455,132,54
456,132,56
457,132,58
458,132,60
459,133,1
460,134,1
461,134,3
462,134,9
463,134,11
464,134,13
465,134,15
466,134,21
467,134,23
468,134,25
469,134,27
470,134,29
471,134,31
472,134,33
473,134,35
474,134,37
475,134,39
476,134,41
477,134,43
478,134,46
479,134,48
480,134,50
481,134,52
482,134,54
483,134,56
484,134,58
485,134,60
486,135,1
487,136,23
488,136,25
489,136,27
490,136,29
491,136,31
492,136,33
493,136,35
494,136,37
495,136,39
496,136,41
497,136,43
498,136,46
499,136,48
500,136,50
501,136,52
502,136,54
503,136,56
504,136,58
505,137,1
506,137,3
507,137,9
508,137,11
509,137,13
510,137,15
511,137,21
512,137,23
513,137,25
514,137,27
515,137,29
516,137,31
517,137,33
518,137,35
519,137,37
520,137,39
521,137,41
522,137,43
523,137,46
524,137,48
525,137,50
526,137,52
527,137,54
528,137,56
529,137,58
530,138,60
531,139,60
532,140,23
533,140,25
534,140,27
535,140,29
536,140,31
537,140,33
538,140,35
539,140,37
540,140,39
541,140,41
542,140,43
543,140,46
544,140,48
545,140,50
546,140,52
547,140,54
548,140,56
549,140,58
550,141,2
551,141,3
552,141,4
553,141,5
554,141,6
555,141,8
556,141,9
557,141,11
558,141,13
559,141,15
560,141,21
561,141,23
562,141,25
563,141,27
564,141,29
565,141,31
566,141,33
567,141,35
568,141,37
569,141,39
570,141,41
571,141,43
572,141,46
573,141,48
574,141,50
575,141,52
576,141,54
577,141,56
578,141,58
579,142,3
580,143,4
581,144,3
582,145,3
583,146,6
584,148,1
585,148,6
586,149,6
587,150,1
588,151,1
589,152,1
590,152,3
591,152,9
592,152,11
593,152,13
594,152,15
595,152,21
596,152,23
597,152,25
598,152,27
599,152,29
600,152,31
601,152,33
602,152,35
603,152,37
604,152,39
605,152,41
606,152,43
607,152,46
608,152,48
609,152,50
610,152,52
611,152,54
612,152,56
613,152,58
614,152,60
615,153,1
616,154,6
617,156,1
618,156,5
619,157,58
620,157,60
621,158,1
622,158,9
623,158,11
624,158,13
625,158,15
626,158,21
627,158,23
628,158,25
629,158,27
630,158,29
631,158,31
632,158,33
633,158,35
634,158,37
635,158,39
636,158,41
637,158,43
638,158,46
639,158,48
640,158,50
641,158,52
642,158,54
643,158,56
644,158,58
645,159,1
646,159,3
647,159,9
648,159,11
649,159,13
650,159,15
651,159,21
652,159,23
653,159,25
654,159,27
655,159,29
656,159,31
657,159,33
658,159,35
659,159,37
660,159,39
661,159,41
662,159,43
663,159,46
664,159,48
665,159,50
666,159,52
667,159,54
668,159,56
669,159,58
670,159,60
671,160,1
672,161,1
673,161,3
674,161,4
675,161,9
676,161,13
677,162,6
678,163,1
679,164,3
680,164,9
681,165,6
682,167,58
683,167,60
684,168,58
685,168,60
686,169,11
687,169,15
688,169,21
689,169,23
690,169,25
691,169,27
692,169,29
693,169,31
694,169,33
695,169,35
696,169,37
697,169,39
698,169,41
699,169,43
700,169,46
701,169,48
702,169,50
703,169,52
704,169,54
705,169,56
706,169,58
707,170,3
708,170,4
709,170,5
710,170,6
711,170,8
712,170,9
713,170,11
714,170,13
715,170,15
716,170,21
717,170,23
718,170,25
719,170,27
720,170,29
721,170,31
722,170,33
723,170,35
724,170,37
725,170,39
726,170,41
727,170,43
728,170,46
729,170,48
730,170,50
731,170,52
732,170,54
733,170,56
734,170,58
735,171,6
736,171,8
737,172,6
738,172,8
739,173,23
740,173,25
741,174,1
742,175,13
743,176,23
744,176,25
745,176,27
746,176,29
747,176,31
748,176,33
749,176,35
750,176,37
751,176,39
752,176,41
753,176,43
754,176,46
755,176,48
756,176,50
757,176,52
758,176,54
759,176,56
760,176,58
761,176,60
762,177,58
763,177,60
764,178,58
765,178,60
766,179,60
767,180,39
768,180,41
769,180,43
770,180,48
771,180,50
772,180,52
773,180,54
774,180,56
775,180,58
776,181,58
777,182,39
778,182,41
779,182,43
780,183,58
781,183,60
782,184,46
783,184,48
784,184,50
785,184,52
786,184,54
787,184,56
788,184,58
789,185,1
790,186,33
791,186,35
792,186,37
793,186,39
794,186,41
795,186,43
796,186,46
797,186,48
798,186,50
799,186,52
800,186,54
801,186,56
802,186,58
803,187,1
804,187,2
805,187,3
806,187,4
807,187,5
808,187,6
809,187,8
810,187,9
811,187,11
812,187,13
813,187,15
814,187,21
815,187,23
816,187,25
817,187,27
818,187,29
819,187,31
820,187,33
821,187,35
822,187,37
823,187,39
824,187,41
825,187,43
826,187,46
827,187,48
828,187,50
829,187,52
830,187,54
831,187,56
832,187,58
833,188,2
834,190,4
835,191,5
836,192,3
837,193,3
838,194,3
839,195,41
840,195,43
841,195,46
842,195,48
843,195,50
844,195,52
845,195,54
846,195,56
847,195,58
848,196,6
849,196,8
850,196,9
851,196,11
852,196,13
853,196,15
854,196,21
855,196,23
856,196,25
857,196,27
858,196,29
859,196,31
860,196,33
861,196,35
862,196,37
863,196,39
864,196,41
865,196,43
866,196,46
867,196,48
868,196,50
869,196,52
870,196,54
871,196,56
872,196,58
873,197,58
874,197,60
875,198,58
876,198,60
877,199,43
878,199,46
879,200,6
880,200,8
881,200,9
882,200,21
883,200,23
884,201,43
885,201,46
886,202,6
887,202,8
888,202,9
889,202,21
890,202,23
891,203,5
892,204,5
893,205,11
894,205,13
895,205,15
896,205,21
897,205,23
898,205,25
899,205,27
900,205,29
901,205,31
902,205,33
903,205,35
904,205,37
905,205,39
906,205,41
907,205,43
908,205,46
909,205,48
910,205,50
911,205,52
912,205,54
913,205,56
914,205,58
915,206,1
916,206,2
917,206,3
918,206,4
919,206,5
920,206,6
921,206,8
922,206,9
923,206,11
924,206,13
925,206,15
926,206,21
927,206,23
928,206,25
929,206,27
930,206,29
931,206,31
932,206,33
933,206,35
934,206,37
935,206,39
936,206,41
937,206,43
938,206,46
939,206,48
940,206,50
941,206,52
942,206,54
943,206,56
944,206,58
945,207,6
946,208,1
947,209,2
948,210,33
949,210,35
950,210,37
951,210,39
952,210,41
953,210,43
954,210,46
955,210,48
956,210,50
957,210,52
958,210,54
959,210,56
960,210,58
961,211,3
962,212,3
963,213,58
964,213,60
965,214,58
966,214,60
967,215,58
968,215,60
969,216,1
970,216,2
971,216,3
972,216,4
973,216,5
974,216,6
975,216,8
976,216,9
977,216,11
978,216,13
979,216,15
980,216,21
981,216,23
982,216,25
983,216,27
984,216,29
985,216,31
986,216,33
987,216,35
988,216,37
989,216,39
990,216,41
991,216,43
992,216,46
993,216,48
994,216,50
995,216,52
996,216,54
997,216,56
998,216,58
999,217,2
1000,218,58
1001,218,60
1002,219,3
1003,220,3
1004,221,58
1005,221,60
1006,222,58
1007,222,60
1008,223,2
1009,224,2
1010,225,3
1011,226,3
1012,227,3
1013,228,48
1014,228,50
1015,228,52
1016,228,54
1017,228,56
1018,228,58
1019,229,25
1020,229,27
1021,229,29
1022,229,31
1023,229,33
1024,229,35
1025,229,37
1026,229,39
1027,229,41
1028,229,43
1029,229,46
1030,229,48
1031,229,50
1032,229,52
1033,229,54
1034,229,56
1035,229,58
1036,230,48
1037,230,50
1038,230,52
1039,230,54
1040,230,56
1041,231,25
1042,231,27
1043,231,29
1044,231,31
1045,231,33
1046,231,35
1047,231,37
1048,231,39
1049,231,41
1050,231,43
1051,231,46
1052,231,48
1053,231,50
1054,231,52
1055,231,54
1056,231,56
1057,232,21
1058,232,23
1059,232,25
1060,232,27
1061,232,29
1062,232,31
1063,232,33
1064,232,35
1065,232,37
1066,232,39
1067,232,41
1068,232,43
1069,232,46
1070,232,48
1071,232,50
1072,232,52
1073,232,54
1074,232,56
1075,232,58
1076,233,2
1077,233,3
1078,233,5
1079,233,6
1080,233,8
1081,233,9
1082,233,11
1083,233,13
1084,233,15
1085,233,21
1086,233,23
1087,233,25
1088,233,27
1089,233,29
1090,233,31
1091,233,33
1092,233,35
1093,233,37
1094,233,39
1095,233,41
1096,233,43
1097,233,46
1098,233,48
1099,233,50
1100,233,52
1101,233,54
1102,233,56
1103,233,58
1104,234,6
1105,235,2
1106,235,3
1107,236,58
1108,236,60
1109,237,58
1110,237,60
1111,238,58
1112,238,60
1113,239,58
1114,239,60
1115,240,3
1116,241,3
1117,242,3
1118,243,39
1119,243,41
1120,243,43
1121,244,8
1122,245,52
1123,245,54
1124,245,56
1125,245,58
1126,246,8
1127,246,9
1128,246,11
1129,246,13
1130,246,15
1131,246,21
1132,246,23
1133,246,25
1134,246,27
1135,246,29
1136,246,31
1137,246,33
1138,246,35
1139,246,37
1140,246,39
1141,246,41
1142,246,43
1143,246,46
1144,246,48
1145,246,50
1146,246,52
1147,246,54
1148,246,56
1149,246,58
1150,247,6
1151,247,8
1152,247,9
1153,248,4
1154,248,8
1155,249,5
1156,250,5
1157,251,5
1158,252,5
1159,253,5
1160,254,58
1161,254,60
1162,255,58
1163,255,60
1164,256,2
1165,257,11
1166,257,13
1167,257,15
1168,257,21
1169,257,23
1170,257,25
1171,257,27
1172,257,29
1173,257,31
1174,257,33
1175,257,35
1176,257,37
1177,257,39
1178,257,41
1179,257,43
1180,257,46
1181,257,48
1182,257,50
1183,257,52
1184,257,54
1185,257,56
1186,257,58
1187,258,6
1188,258,8
1189,258,9
1190,258,11
1191,258,13
1192,258,15
1193,258,21
1194,258,23
1195,258,25
1196,258,27
1197,258,29
1198,258,31
1199,258,33
1200,258,35
1201,258,37
1202,258,39
1203,258,41
1204,258,43
1205,258,46
1206,258,48
1207,258,50
1208,258,52
1209,258,54
1210,258,56
1211,258,58
1212,259,33
1213,259,35
1214,259,37
1215,259,39
1216,259,41
1217,259,43
1218,259,46
1219,259,48
1220,259,50
1221,259,52
1222,259,54
1223,259,56
1224,259,58
1225,260,6
1226,260,8
1227,260,9
1228,260,11
1229,260,13
1230,260,15
1231,260,21
1232,260,23
1233,260,25
1234,260,27
1235,260,29
1236,260,31
1237,260,33
1238,260,35
1239,260,37
1240,260,39
1241,260,41
1242,260,43
1243,260,46
1244,260,48
1245,260,50
1246,260,52
1247,260,54
1248,260,56
1249,260,58
1250,261,58
1251,262,3
1252,263,3
1253,264,11
1254,264,13
1255,264,15
1256,264,21
1257,264,23
1258,264,25
1259,264,27
1260,264,29
1261,264,31
1262,264,33
1263,264,35
1264,264,37
1265,264,39
1266,264,41
1267,264,43
1268,264,46
1269,264,48
1270,264,50
1271,264,52
1272,264,54
1273,264,56
1274,265,6
1275,265,8
1276,265,9
1277,265,11
1278,265,13
1279,265,15
1280,265,21
1281,265,23
1282,265,25
1283,265,27
1284,265,29
1285,265,31
1286,265,33
1287,265,35
1288,265,37
1289,265,39
1290,265,41
1291,265,43
1292,265,46
1293,265,48
1294,265,50
1295,265,52
1296,265,54
1297,265,56
1298,266,58
1299,266,60
1300,267,58
1301,267,60
1302,268,58
1303,269,58
1304,270,33
1305,270,35
1306,270,37
1307,270,39
1308,270,41
1309,270,43
1310,270,46
1311,270,48
1312,270,50
1313,270,52
1314,270,54
1315,270,56
1316,271,6
1317,271,8
1318,271,9
1319,271,11
1320,271,13
1321,271,15
1322,271,21
1323,271,23
1324,271,25
1325,271,27
1326,271,29
1327,271,31
1328,271,33
1329,271,35
1330,271,37
1331,271,39
1332,271,41
1333,271,43
1334,271,46
1335,271,48
1336,271,50
1337,271,52
1338,271,54
1339,271,56
1340,272,58
1341,272,60
1342,273,58
1343,273,60
1344,274,58
1345,274,60
1346,275,58
1347,276,58
1348,277,58
1349,278,29
1350,278,31
1351,278,33
1352,278,35
1353,278,37
1354,278,39
1355,278,41
1356,278,43
1357,278,46
1358,278,48
1359,278,50
1360,278,52
1361,278,54
1362,278,56
1363,278,58
1364,279,1
1365,279,2
1366,279,3
1367,279,4
1368,279,5
1369,279,6
1370,279,8
1371,279,9
1372,279,11
1373,279,13
1374,279,15
1375,279,21
1376,279,23
1377,279,25
1378,279,27
1379,279,29
1380,279,31
1381,279,33
1382,279,35
1383,279,37
1384,279,39
1385,279,41
1386,279,43
1387,279,46
1388,279,48
1389,279,50
1390,279,52
1391,279,54
1392,279,56
1393,279,58
1394,280,2
1395,281,39
1396,281,41
1397,281,43
1398,281,46
1399,281,48
1400,281,50
1401,281,52
1402,281,54
1403,281,56
1404,281,58
1405,282,2
1406,282,3
1407,282,5
1408,282,8
1409,282,9
1410,282,11
1411,282,13
1412,282,15
1413,282,21
1414,282,23
1415,282,25
1416,282,27
1417,282,29
1418,282,31
1419,282,33
1420,282,35
1421,282,37
1422,282,39
1423,282,41
1424,282,43
1425,282,46
1426,282,48
1427,282,50
1428,282,52
1429,282,54
1430,282,56
1431,282,58
1432,283,2
1433,284,58
1434,284,60
1435,285,58
1436,285,60
1437,286,58
1438,286,60
1439,287,58
1440,287,60
1441,288,3
1442,289,3
1443,290,46
1444,290,48
1445,290,50
1446,290,52
1447,290,54
1448,290,56
1449,290,58
1450,291,6
1451,291,8
1452,291,9
1453,291,11
1454,291,13
1455,291,15
1456,291,21
1457,291,23
1458,291,25
1459,291,27
1460,291,29
1461,291,31
1462,291,33
1463,291,35
1464,291,37
1465,291,39
1466,291,41
1467,291,43
1468,291,46
1469,291,48
1470,291,50
1471,291,52
1472,291,54
1473,291,56
1474,291,58
1475,292,2
1476,293,4
1477,293,5
1478,294,3
1479,294,5
1480,295,13
1481,295,15
1482,295,21
1483,295,23
1484,295,25
1485,295,27
1486,295,29
1487,295,31
1488,295,33
1489,295,37
1490,295,39
1491,295,41
1492,295,43
1493,295,46
1494,295,48
1495,295,50
1496,295,52
1497,295,54
1498,295,56
1499,295,58
1500,296,13
1501,296,15
1502,296,21
1503,296,23
1504,296,25
1505,296,27
1506,296,29
1507,296,31
1508,296,33
1509,296,37
1510,296,39
1511,296,41
1512,296,43
1513,296,46
1514,296,48
1515,296,50
1516,296,52
1517,296,54
1518,296,56
1519,297,1
1520,298,58
1521,298,60
1522,299,58
1523,299,60
1524,300,58
1525,301,3
1526,301,8
1527,302,3
1528,303,2
1529,304,2
1530,304,3
1531,305,3
1532,306,13
1533,306,15
1534,306,21
1535,306,23
1536,306,25
1537,306,27
1538,306,29
1539,306,31
1540,307,11
1541,307,27
1542,307,29
1543,307,31
1544,307,33
1545,307,35
1546,307,37
1547,307,39
1548,307,41
1549,307,43
1550,307,46
1551,307,48
1552,307,50
1553,307,52
1554,307,54
1555,307,56
1556,307,58
1557,308,1
1558,308,2
1559,308,3
1560,308,4
1561,308,5
1562,308,6
1563,308,8
1564,308,9
1565,308,11
1566,308,13
1567,308,15
1568,308,21
1569,308,23
1570,308,25
1571,308,27
1572,308,29
1573,308,31
1574,308,33
1575,308,35
1576,308,37
1577,308,39
1578,308,41
1579,308,43
1580,308,46
1581,308,48
1582,308,50
1583,308,52
1584,308,54
1585,308,56
1586,308,58
1587,309,2
1588,310,58
1589,310,60
1590,311,58
1591,311,60
1592,312,3
1593,313,3
1594,314,3
1595,315,6
1596,316,15
1597,316,21
1598,316,23
1599,317,6
1600,317,8
1601,317,9
1602,318,6
1603,318,8
1604,318,9
1605,319,6
1606,319,8
1607,319,9
1608,319,11
1609,319,13
1610,319,15
1611,319,21
1612,319,23
1613,319,25
1614,319,27
1615,319,29
1616,319,31
1617,319,33
1618,319,35
1619,319,37
1620,319,39
1621,319,41
1622,319,43
1623,319,46
1624,319,48
1625,319,50
1626,319,52
1627,319,54
1628,319,56
1629,319,58
1630,319,60
1631,320,11
1632,320,13
1633,320,15
1634,320,21
1635,320,23
1636,320,25
1637,320,27
1638,320,29
1639,320,31
1640,320,33
1641,320,35
1642,320,37
1643,320,39
1644,320,41
1645,320,43
1646,320,46
1647,320,48
1648,320,50
1649,320,52
1650,320,54
1651,320,56
1652,320,58
1653,320,60
1654,321,1
1655,321,2
1656,321,3
1657,321,4
1658,321,5
1659,321,6
1660,321,8
1661,321,9
1662,321,11
1663,321,13
1664,321,15
1665,321,21
1666,321,23
1667,321,25
1668,321,27
1669,321,29
1670,321,31
1671,321,33
1672,321,35
1673,321,37
1674,321,39
1675,321,41
1676,321,43
1677,321,46
1678,321,48
1679,321,50
1680,321,52
1681,321,54
1682,321,56
1683,321,58
1684,321,60
1685,322,6
1686,323,4
1687,323,5
1688,324,2
1689,324,3
1690,325,1
1691,325,5
1692,326,2
1693,327,1
1694,328,8
1695,329,1
1696,330,1
1697,331,6
1698,332,48
1699,332,50
1700,332,52
1701,332,54
1702,332,56
1703,332,58
1704,332,60
1705,333,2
1706,333,3
1707,333,5
1708,333,6
1709,333,8
1710,333,9
1711,333,11
1712,333,13
1713,333,15
1714,333,21
1715,333,23
1716,333,25
1717,333,27
1718,333,29
1719,333,31
1720,333,33
1721,333,35
1722,333,37
1723,333,39
1724,333,41
1725,333,43
1726,333,46
1727,333,48
1728,333,50
1729,333,52
1730,333,54
1731,333,56
1732,333,58
1733,333,60
1734,334,3
1735,335,8
1736,335,9
1737,336,5
1738,337,5
1739,337,6
1740,338,39
1741,338,41
1742,338,43
1743,338,46
1744,338,48
1745,338,50
1746,338,52
1747,338,54
1748,338,56
1749,338,58
1750,338,60
1751,339,11
1752,339,13
1753,339,15
1754,339,21
1755,339,23
1756,339,25
1757,339,27
1758,339,29
1759,339,31
1760,339,33
1761,339,35
1762,339,37
1763,339,39
1764,339,41
1765,339,43
1766,339,46
1767,339,48
1768,339,50
1769,339,52
1770,339,54
1771,339,56
1772,339,58
1773,339,60
1774,340,1
1775,340,2
1776,340,3
1777,340,4
1778,340,5
1779,340,6
1780,340,8
1781,340,9
1782,340,11
1783,340,13
1784,340,15
1785,340,21
1786,340,23
1787,340,25
1788,340,27
1789,340,29
1790,340,31
1791,340,33
1792,340,35
1793,340,37
1794,340,39
1795,340,41
1796,340,43
1797,340,46
1798,340,48
1799,340,50
1800,340,52
1801,340,54
1802,340,56
1803,340,58
1804,340,60
1805,341,2
1806,341,3
1807,342,11
1808,342,13
1809,342,15
1810,343,1
1811,344,1
1812,345,1
1813,346,3
1814,346,5
1815,348,3
1816,349,3
1817,350,13
1818,350,15
1819,350,21
1820,350,23
1821,350,25
1822,350,27
1823,350,29
1824,350,31
1825,350,33
1826,350,35
1827,350,37
1828,350,39
1829,350,41
1830,350,43
1831,350,46
1832,350,48
1833,350,50
1834,350,52
1835,350,54
1836,350,56
1837,350,58
1838,350,60
1839,351,5
1840,351,6
1841,351,8
1842,351,9
1843,351,11
1844,351,13
1845,351,15
1846,351,21
1847,351,23
1848,351,25
1849,351,27
1850,351,29
1851,351,31
1852,351,33
1853,351,35
1854,351,37
1855,351,39
1856,351,41
1857,351,43
1858,351,46
1859,351,48
1860,351,50
1861,351,52
1862,351,54
1863,351,56
1864,351,58
1865,351,60
1866,352,6
1867,353,4
1868,353,5
1869,354,5
1870,355,5
1871,356,15
1872,357,21
1873,357,23
1874,357,25
1875,357,27
1876,357,29
1877,357,31
1878,357,33
1879,357,35
1880,357,37
1881,357,39
1882,357,41
1883,357,43
1884,357,46
1885,357,48
1886,357,50
1887,357,52
1888,357,54
1889,357,56
1890,357,58
1891,357,60
1892,358,1
1893,358,2
1894,358,3
1895,358,4
1896,358,5
1897,358,6
1898,358,8
1899,358,9
1900,358,11
1901,358,13
1902,358,15
1903,358,21
1904,358,23
1905,358,25
1906,358,27
1907,358,29
1908,358,31
1909,358,33
1910,358,35
1911,358,37
1912,358,39
1913,358,41
1914,358,43
1915,358,46
1916,358,48
1917,358,50
1918,358,52
1919,358,54
1920,358,56
1921,358,58
1922,358,60
1923,359,2
1924,359,3
1925,360,39
1926,360,41
1927,360,43
1928,360,46
1929,360,48
1930,360,50
1931,360,52
1932,360,54
1933,360,56
1934,360,58
1935,360,60
1936,361,1
1937,361,2
1938,361,3
1939,361,4
1940,361,5
1941,361,6
1942,361,8
1943,361,9
1944,361,11
1945,361,13
1946,361,15
1947,361,21
1948,361,23
1949,361,25
1950,361,27
1951,361,29
1952,361,31
1953,361,33
1954,361,35
1955,361,37
1956,361,39
1957,361,41
1958,361,43
1959,361,46
1960,361,48
1961,361,50
1962,361,52
1963,361,54
1964,361,56
1965,361,58
1966,361,60
1967,362,60
1968,364,1
1969,365,1
1970,367,1
1971,368,1
1972,369,1
1973,370,29
1974,370,31
1975,370,33
1976,370,35
1977,370,37
1978,371,6
1979,371,8
1980,371,9
1981,372,4
1982,374,48
1983,374,50
1984,374,52
1985,374,54
1986,374,56
1987,374,58
1988,374,60
1989,375,1
1990,375,2
1991,375,3
1992,375,4
1993,375,5
1994,375,6
1995,375,8
1996,375,9
1997,375,11
1998,375,13
1999,375,15
2000,375,21
2001,375,23
2002,375,25
2003,375,27
2004,375,29
2005,375,31
2006,375,33
2007,375,35
2008,375,37
2009,375,39
2010,375,41
2011,375,43
2012,375,46
2013,375,48
2014,375,50
2015,375,52
2016,375,54
2017,375,56
2018,375,58
2019,375,60
2020,376,2
2021,376,3
2022,377,1
2023,378,9
2024,379,1
2025,380,1
2026,381,8
2027,382,1
2028,383,21
2029,383,23
2030,383,25
2031,383,27
2032,383,29
2033,383,31
2034,383,33
2035,383,35
2036,383,37
2037,383,39
2038,383,41
2039,383,43
2040,383,46
2041,383,48
2042,383,50
2043,383,52
2044,383,54
2045,383,56
2046,383,58
2047,383,60
2048,384,1
2049,384,2
2050,384,3
2051,384,4
2052,384,5
2053,384,6
2054,384,8
2055,384,9
2056,384,11
2057,384,13
2058,384,15
2059,384,21
2060,384,23
2061,384,25
2062,384,27
2063,384,29
2064,384,31
2065,384,33
2066,384,35
2067,384,37
2068,384,39
2069,384,41
2070,384,43
2071,384,46
2072,384,48
2073,384,50
2074,384,52
2075,384,54
2076,384,56
2077,384,58
2078,384,60
2079,385,6
2080,386,2
2081,386,3
2082,387,1
2083,387,5
2084,388,9
2085,389,2
2086,390,2
2087,390,3
2088,390,4
2089,390,5
2090,390,6
2091,391,2
2092,391,3
2093,391,4
2094,391,5
2095,391,6
2096,392,2
2097,392,3
2098,393,3
2099,393,4
2100,394,3
2101,394,5
2102,394,6
2103,395,46
2104,395,48
2105,395,50
2106,395,52
2107,395,54
2108,395,56
2109,395,58
2110,395,60
2111,396,1
2112,396,2
2113,396,3
2114,396,4
2115,396,5
2116,396,6
2117,396,8
2118,396,9
2119,396,11
2120,396,13
2121,396,15
2122,396,21
2123,396,23
2124,396,25
2125,396,27
2126,396,29
2127,396,31
2128,396,33
2129,396,35
2130,396,37
2131,396,39
2132,396,41
2133,396,43
2134,396,46
2135,396,48
2136,396,50
2137,396,52
2138,396,54
2139,396,56
2140,396,58
2141,396,60
2142,397,2
2143,397,3
2144,397,5
2145,398,1
2146,399,1
2147,400,1
2148,401,25
2149,402,41
2150,402,43
2151,402,46
2152,402,48
2153,402,50
2154,402,52
2155,402,54
2156,402,56
2157,402,58
2158,402,60
2159,403,41
2160,403,43
2161,403,46
2162,403,48
2163,403,50
2164,403,52
2165,403,54
2166,403,56
2167,403,58
2168,403,60
2169,404,41
2170,404,46
2171,404,48
2172,404,50
2173,404,52
2174,404,54
2175,404,56
2176,404,58
2177,404,60
2178,405,58
2179,406,58
2180,407,58
2181,408,41
2182,408,43
2183,408,46
2184,408,48
2185,408,50
2186,408,52
2187,408,54
2188,408,56
2189,408,58
2190,408,60
2191,409,41
2192,409,43
2193,409,46
2194,409,48
2195,409,50
2196,409,52
2197,409,54
2198,409,56
2199,409,58
2200,409,60
2201,410,2
2202,411,2
2203,412,2
2204,413,2
2205,414,2
2206,415,2
2207,416,24
2208,417,39
2209,417,41
2210,417,43
2211,417,46
2212,417,48
2213,417,50
2214,417,52
2215,417,58
2216,418,58
2217,419,58
2218,420,35
2219,420,37
2220,420,39
2221,420,41
2222,420,43
2223,420,46
2224,420,48
2225,420,50
2226,420,52
2227,420,54
2228,420,56
2229,420,58
2230,421,15
2231,421,21
2232,421,23
2233,421,25
2234,421,27
2235,421,29
2236,421,31
2237,421,33
2238,421,35
2239,421,37
2240,421,39
2241,421,41
2242,421,43
2243,421,46
2244,421,48
2245,421,50
2246,421,52
2247,421,54
2248,421,56
2249,421,58
2250,422,60
2251,423,60
2252,424,58
2253,425,58
2254,426,2
2255,427,46
2256,427,48
2257,427,50
2258,427,52
2259,427,54
2260,427,56
2261,427,58
2262,428,46
2263,428,48
2264,428,50
2265,428,52
2266,428,54
2267,428,56
2268,428,58
2269,429,60
2270,430,60
2271,431,58
2272,432,58
2273,433,49
2274,434,44
2275,435,53
2276,435,55
2277,436,44
2278,437,49
2279,437,51
2280,437,53
2281,437,55
2282,437,57
2283,437,59
2284,438,38
2285,438,40
2286,438,42
2287,438,44
2288,438,45
2289,438,47
2290,438,49
2291,438,51
2292,438,53
2293,438,55
2294,438,57
2295,438,59
2296,439,51
2297,439,53
2298,439,55
2299,439,57
2300,439,59
2301,440,49
2302,440,51
2303,440,53
2304,440,55
2305,440,57
2306,440,59
2307,441,44
2308,441,45
2309,441,47
2310,441,49
2311,441,51
2312,441,53
2313,441,55
2314,441,57
2315,441,59
2316,442,28
2317,442,30
2318,442,32
2319,442,36
2320,442,40
2321,442,55
2322,443,51
2323,443,53
2324,443,55
2325,443,57
2326,443,59
2327,444,55
2328,444,57
2329,444,59
2330,445,55
2331,446,28
2332,446,30
2333,446,32
2334,446,34
2335,446,36
2336,446,38
2337,446,40
2338,446,42
2339,446,44
2340,446,45
2341,446,47
2342,446,49
2343,446,51
2344,446,53
2345,446,55
2346,446,57
2347,446,59
2348,447,44
2349,448,44
2350,449,44
2351,449,51
2352,449,59
2353,450,28
2354,450,30
2355,450,32
2356,450,34
2357,450,44
2358,450,49
2359,451,28
2360,451,30
2361,451,32
2362,451,42
2363,451,44
2364,451,51
2365,451,53
2366,452,47
2367,452,49
2368,452,51
2369,452,59
2370,453,51
2371,453,53
2372,453,55
2373,453,57
2374,453,59
2375,454,45
2376,454,47
2377,454,49
2378,455,32
2379,455,34
2380,455,36
2381,455,38
2382,455,40
2383,455,42
2384,455,44
2385,455,45
2386,455,47
2387,455,49
2388,455,51
2389,455,53
2390,455,55
2391,455,57
2392,455,59
2393,456,51
2394,456,53
2395,456,55
2396,457,45
2397,457,47
2398,457,49
2399,458,32
2400,458,34
2401,458,36
2402,458,38
2403,458,40
2404,458,42
2405,458,44
2406,458,45
2407,458,47
2408,458,49
2409,458,51
2410,458,53
2411,458,55
2412,459,44
2413,460,44
2414,461,28
2415,461,32
2416,461,42
2417,461,44
2418,461,51
2419,461,55
2420,462,44
2421,462,45
2422,462,47
2423,462,49
2424,462,51
2425,462,53
2426,462,55
2427,462,57
2428,462,59
2429,463,49
2430,463,51
2431,463,55
2432,464,49
2433,464,51
2434,464,55
2435,465,57
2436,466,5
2437,467,10
2438,468,57
2439,468,59
2440,469,14
2441,469,16
2442,469,22
2443,469,24
2444,469,26
2445,469,30
2446,469,32
2447,469,34
2448,469,36
2449,469,38
2450,469,40
2451,469,42
2452,469,44
2453,469,45
2454,469,47
2455,469,49
2456,469,51
2457,469,53
2458,469,55
2459,470,10
2460,470,12
2461,471,42
2462,472,10
2463,472,16
2464,473,59
2465,474,30
2466,474,40
2467,474,42
2468,475,12
2469,475,22
2470,476,49
2471,476,51
2472,476,53
2473,476,55
2474,476,57
2475,476,59
2476,477,14
2477,477,16
2478,477,22
2479,477,24
2480,477,26
2481,477,30
2482,477,32
2483,477,34
2484,477,36
2485,477,38
2486,477,40
2487,477,42
2488,477,44
2489,477,45
2490,477,47
2491,477,49
2492,477,51
2493,477,53
2494,477,55
2495,477,57
2496,477,59
2497,478,5
2498,479,5
2499,480,3
2500,481,3
2501,482,3
2502,483,5
2503,484,5
2504,485,3
2505,486,3
2506,487,60
2507,488,60
2508,489,60
2509,490,60
2510,491,60
2511,492,60
2512,493,60
2513,494,60
2514,495,60
2515,496,60
2516,497,60
2517,498,60
2518,499,3
2519,499,5
2520,499,8
2521,499,9
2522,499,11
2523,499,13
2524,499,15
2525,499,21
2526,499,23
2527,499,25
2528,499,27
2529,499,29
2530,499,31
2531,499,33
2532,499,35
2533,499,37
2534,499,39
2535,499,41
2536,499,43
2537,499,46
2538,499,48
2539,499,50
2540,499,52
2541,499,54
2542,499,56
2543,500,8
2544,501,58
2545,502,58
2546,503,58
2547,504,3
2548,504,5
2549,504,8
2550,504,9
2551,504,11
2552,504,13
2553,504,15
2554,504,21
2555,504,23
2556,504,25
2557,504,27
2558,504,29
2559,504,31
2560,504,33
2561,504,35
2562,504,37
2563,504,39
2564,504,41
2565,504,43
2566,504,46
2567,504,48
2568,504,50
2569,504,52
2570,504,58
2571,505,58
2572,506,58
2573,507,54
2574,507,56
2575,507,58
2576,508,3
2577,508,8
2578,508,9
2579,508,11
2580,508,13
2581,508,15
2582,508,21
2583,508,23
2584,508,25
2585,508,27
2586,508,29
2587,508,31
2588,508,33
2589,508,35
2590,508,37
2591,508,39
2592,508,41
2593,508,43
2594,508,46
2595,508,48
2596,508,50
2597,508,52
2598,508,54
2599,508,56
2600,508,58
2601,509,3
2602,510,58
2603,511,3
2604,511,5
2605,511,8
2606,511,9
2607,511,11
2608,511,13
2609,511,15
2610,511,21
2611,511,23
2612,511,25
2613,511,27
2614,511,29
2615,511,31
2616,511,33
2617,511,35
2618,511,37
2619,511,39
2620,511,41
2621,511,43
2622,511,46
2623,511,48
2624,511,50
2625,511,52
2626,511,54
2627,511,56
2628,511,58
2629,512,58
2630,513,58
2631,514,31
2632,514,33
2633,514,35
2634,514,37
2635,514,39
2636,514,41
2637,514,43
2638,514,46
2639,514,48
2640,514,50
2641,514,52
2642,514,54
2643,514,56
2644,515,58
2645,516,8
2646,516,9
2647,516,11
2648,516,13
2649,516,15
2650,516,21
2651,516,23
2652,516,25
2653,516,27
2654,516,29
2655,516,31
2656,516,33
2657,516,35
2658,516,37
2659,516,39
2660,516,41
2661,516,43
2662,516,46
2663,516,48
2664,516,50
2665,516,52
2666,516,54
2667,516,56
2668,516,58
2669,517,23
2670,517,25
2671,517,27
2672,517,29
2673,517,31
2674,517,33
2675,517,35
2676,517,37
2677,517,39
2678,517,41
2679,517,43
2680,517,46
2681,517,48
2682,518,23
2683,518,25
2684,518,27
2685,518,29
2686,518,31
2687,518,33
2688,518,35
2689,518,37
2690,518,39
2691,518,41
2692,518,43
2693,518,46
2694,518,48
2695,518,50
2696,518,52
2697,518,54
2698,518,56
2699,519,54
2700,519,56
2701,519,58
2702,520,3
2703,520,5
2704,520,8
2705,520,9
2706,520,11
2707,520,13
2708,520,15
2709,520,21
2710,520,23
2711,520,25
2712,520,27
2713,520,29
2714,520,31
2715,520,33
2716,520,35
2717,520,37
2718,520,39
2719,520,41
2720,520,43
2721,520,46
2722,520,48
2723,520,50
2724,520,52
2725,520,54
2726,520,56
2727,520,58
2728,521,58
2729,522,58
2730,523,54
2731,523,56
2732,523,58
2733,524,3
2734,524,5
2735,524,8
2736,524,9
2737,524,11
2738,524,13
2739,524,15
2740,524,21
2741,524,23
2742,524,25
2743,524,27
2744,524,29
2745,524,31
2746,524,33
2747,524,35
2748,524,37
2749,524,39
2750,524,41
2751,524,43
2752,524,46
2753,524,48
2754,524,50
2755,524,52
2756,524,54
2757,524,56
2758,524,58
2759,525,5
2760,526,58
2761,527,39
2762,527,41
2763,527,43
2764,527,46
2765,527,48
2766,527,50
2767,527,52
2768,527,54
2769,527,56
2770,527,58
2771,528,5
2772,529,58
2773,530,58
2774,531,58
2775,532,3
2776,532,8
2777,532,9
2778,532,11
2779,532,13
2780,532,15
2781,532,21
2782,532,23
2783,532,25
2784,532,27
2785,532,29
2786,532,31
2787,532,33
2788,532,35
2789,532,37
2790,532,39
2791,532,41
2792,532,43
2793,532,46
2794,532,48
2795,532,50
2796,532,52
2797,532,54
2798,532,56
2799,532,58
2800,533,60
2801,534,60
2802,535,15
2803,535,21
2804,535,23
2805,535,25
2806,536,21
2807,536,23
2808,536,25
2809,537,15
2810,538,15
2811,539,15
2812,539,21
2813,539,23
2814,539,25
2815,540,15
2816,540,21
2817,540,23
2818,540,25
2819,541,33
2820,541,43
2821,541,46
2822,541,48
2823,541,50
2824,541,52
2825,541,54
2826,541,56
2827,542,58
2828,543,33
2829,543,43
2830,543,46
2831,543,48
2832,543,50
2833,543,52
2834,543,54
2835,543,56
2836,543,58
2837,544,58
2838,545,58
2839,546,60
2840,547,60
2841,548,58
2842,549,58
2843,550,60
2844,551,60
2845,552,60
2846,553,60
2847,554,33
2848,554,43
2849,554,46
2850,554,48
2851,554,50
2852,554,52
2853,554,54
2854,554,56
2855,554,58
2856,555,33
2857,555,43
2858,555,46
2859,555,48
2860,555,50
2861,555,52
2862,555,54
2863,555,56
2864,555,58
2865,556,15
2866,556,21
2867,556,23
2868,556,25
2869,556,27
2870,556,29
2871,556,31
2872,556,33
2873,556,35
2874,556,37
2875,556,39
2876,556,41
2877,556,43
2878,556,46
2879,556,48
2880,556,50
2881,556,52
2882,556,54
2883,556,56
2884,556,58
2885,557,15
2886,557,21
2887,557,23
2888,557,25
2889,558,58
2890,559,35
2891,559,37
2892,559,39
2893,559,41
2894,559,43
2895,559,46
2896,559,48
2897,559,50
2898,559,52
2899,560,15
2900,560,21
2901,560,23
2902,560,25
2903,560,27
2904,560,29
2905,560,31
2906,560,33
2907,560,35
2908,560,37
2909,560,39
2910,560,41
2911,560,43
2912,560,46
2913,560,48
2914,560,50
2915,560,52
2916,560,54
2917,560,56
2918,560,58
2919,561,21
2920,561,23
2921,561,25
2922,562,58
2923,563,54
2924,563,56
2925,564,35
2926,564,37
2927,564,39
2928,564,41
2929,564,43
2930,564,46
2931,564,48
2932,564,50
2933,564,52
2934,565,58
2935,566,60
2936,567,60
2937,568,58
2938,569,58
2939,569,60
2940,570,58
2941,570,60
2942,571,15
2943,572,15
2944,573,15
2945,574,15
2946,575,58
2947,576,60
2948,577,60
2949,578,58
2950,579,15
2951,579,21
2952,579,23
2953,579,25
2954,579,27
2955,579,29
2956,579,31
2957,579,33
2958,579,35
2959,579,37
2960,579,39
2961,579,41
2962,579,43
2963,579,46
2964,579,48
2965,579,50
2966,579,52
2967,579,54
2968,579,56
2969,579,58
2970,580,15
2971,580,21
2972,580,23
2973,580,25
2974,581,54
2975,581,56
2976,582,27
2977,582,29
2978,582,31
2979,582,33
2980,582,35
2981,582,37
2982,582,39
2983,582,41
2984,582,43
2985,582,46
2986,582,48
2987,582,50
2988,582,52
2989,582,54
2990,582,56
2991,582,58
2992,583,35
2993,583,37
2994,583,39
2995,583,41
2996,583,43
2997,583,46
2998,583,48
2999,583,50
3000,583,52
3001,584,60
3002,585,60
3003,586,58
3004,587,58
3005,588,29
3006,588,31
3007,588,33
3008,588,35
3009,588,37
3010,588,39
3011,588,41
3012,588,43
3013,588,46
3014,588,48
3015,588,50
3016,588,52
3017,588,54
3018,588,56
3019,589,39
3020,589,41
3021,589,43
3022,589,46
3023,589,48
3024,589,50
3025,589,52
3026,589,54
3027,589,56
3028,589,58
3029,590,58
3030,591,27
3031,592,27
3032,593,58
3033,593,60
3034,594,58
3035,595,58
3036,596,58
3037,596,60
3038,597,15
3039,597,21
3040,597,23
3041,597,25
3042,597,27
3043,597,29
3044,597,31
3045,597,33
3046,597,35
3047,597,37
3048,597,39
3049,597,41
3050,597,43
3051,597,46
3052,597,48
3053,597,50
3054,597,52
3055,597,54
3056,597,56
3057,597,58
3058,598,15
3059,598,21
3060,598,23
3061,598,25
3062,599,54
3063,599,56
3064,599,58
3065,600,54
3066,600,56
3067,600,58
3068,601,21
3069,601,23
3070,601,25
3071,601,27
3072,601,29
3073,601,31
3074,601,33
3075,601,35
3076,601,37
3077,601,39
3078,601,41
3079,601,43
3080,601,46
3081,601,48
3082,601,50
3083,601,52
3084,601,54
3085,601,56
3086,601,58
3087,602,35
3088,602,37
3089,602,39
3090,602,41
3091,602,43
3092,602,46
3093,602,48
3094,602,50
3095,602,52
3096,603,2
3097,604,2
3098,605,2
3099,606,2
3100,607,2
3101,608,2
3102,609,2
3103,610,2
3104,611,49
3105,612,44
3106,612,45
3107,612,47
3108,613,24
3109,613,26
3110,613,28
3111,613,30
3112,613,32
3113,613,34
3114,613,36
3115,613,38
3116,613,40
3117,613,42
3118,613,49
3119,613,51
3120,613,53
3121,613,55
3122,613,57
3123,613,59
3124,614,44
3125,614,45
3126,614,47
3127,615,44
3128,615,45
3129,615,47
3130,615,49
3131,616,26
3132,616,28
3133,616,30
3134,616,32
3135,616,34
3136,616,36
3137,616,38
3138,616,40
3139,616,42
3140,616,49
3141,616,51
3142,616,53
3143,616,55
3144,616,57
3145,616,59
3146,617,51
3147,617,53
3148,617,55
3149,617,57
3150,617,59
3151,618,51
3152,618,53
3153,618,55
3154,619,10
3155,619,12
3156,619,14
3157,619,16
3158,619,22
3159,619,24
3160,620,40
3161,620,42
3162,621,26
3163,621,28
3164,621,30
3165,621,32
3166,621,34
3167,622,26
3168,622,28
3169,622,30
3170,622,32
3171,622,34
3172,623,44
3173,623,45
3174,623,47
3175,623,49
3176,623,51
3177,623,53
3178,623,55
3179,623,57
3180,623,59
3181,624,26
3182,624,28
3183,624,30
3184,624,32
3185,624,34
3186,624,36
3187,624,38
3188,624,40
3189,624,42
3190,624,44
3191,624,45
3192,624,47
3193,624,49
3194,625,51
3195,625,53
3196,625,55
3197,625,57
3198,625,59
3199,626,51
3200,626,53
3201,626,55
3202,627,16
3203,627,22
3204,627,24
3205,627,26
3206,627,28
3207,627,30
3208,627,32
3209,627,34
3210,627,36
3211,627,38
3212,627,40
3213,627,42
3214,627,44
3215,627,45
3216,627,47
3217,627,49
3218,627,51
3219,627,53
3220,627,55
3221,627,57
3222,627,59
3223,628,36
3224,628,38
3225,628,40
3226,628,42
3227,628,44
3228,628,45
3229,628,47
3230,628,49
3231,628,51
3232,628,53
3233,628,55
3234,628,57
3235,628,59
3236,629,16
3237,629,22
3238,629,24
3239,629,26
3240,629,28
3241,629,30
3242,629,32
3243,629,34
3244,629,36
3245,629,38
3246,629,40
3247,629,42
3248,629,44
3249,629,45
3250,629,47
3251,629,49
3252,629,51
3253,629,53
3254,629,55
3255,630,36
3256,630,38
3257,630,40
3258,630,42
3259,630,44
3260,630,45
3261,630,47
3262,630,49
3263,630,51
3264,630,53
3265,630,55
3266,631,44
3267,631,45
3268,631,47
3269,632,49
3270,633,30
3271,633,32
3272,633,34
3273,633,36
3274,633,38
3275,633,40
3276,633,42
3277,633,44
3278,633,45
3279,633,47
3280,634,10
3281,634,12
3282,634,14
3283,634,16
3284,634,22
3285,634,24
3286,634,26
3287,634,28
3288,634,30
3289,634,32
3290,634,34
3291,634,36
3292,634,38
3293,634,40
3294,634,42
3295,634,44
3296,634,45
3297,634,47
3298,634,49
3299,634,51
3300,634,53
3301,634,55
3302,634,57
3303,634,59
3304,635,16
3305,636,10
3306,636,12
3307,636,14
3308,636,16
3309,636,22
3310,636,24
3311,636,26
3312,636,28
3313,636,30
3314,636,32
3315,636,34
3316,636,49
3317,637,10
3318,637,12
3319,637,14
3320,637,16
3321,637,22
3322,637,24
3323,638,10
3324,638,12
3325,638,16
3326,638,22
3327,639,49
3328,639,51
3329,639,53
3330,639,55
3331,639,57
3332,639,59
3333,640,49
3334,640,51
3335,640,53
3336,640,55
3337,640,57
3338,640,59
3339,641,49
3340,642,51
3341,642,53
3342,642,55
3343,642,57
3344,642,59
3345,643,51
3346,643,53
3347,643,55
3348,643,57
3349,643,59
3350,644,42
3351,644,44
3352,644,47
3353,644,49
3354,644,51
3355,644,53
3356,644,55
3357,644,57
3358,644,59
3359,645,10
3360,645,42
3361,645,44
3362,645,47
3363,645,49
3364,645,51
3365,645,53
3366,645,55
3367,645,57
3368,645,59
3369,646,57
3370,646,59
3371,647,58
3372,647,60
3373,648,58
3374,648,60
3375,649,52
3376,649,54
3377,649,56
3378,649,58
3379,650,52
3380,650,54
3381,650,56
3382,650,58
3383,651,58
3384,651,60
3385,652,58
3386,652,60
3387,653,46
3388,653,48
3389,653,50
3390,653,52
3391,653,54
3392,653,56
3393,653,58
3394,653,60
3395,654,46
3396,654,48
3397,654,50
3398,654,52
3399,654,54
3400,654,56
3401,654,58
3402,654,60
3403,655,46
3404,655,48
3405,655,50
3406,655,52
3407,655,54
3408,655,56
3409,656,46
3410,656,48
3411,656,50
3412,656,52
3413,656,54
3414,656,56
3415,657,11
3416,657,13
3417,657,15
3418,657,21
3419,657,23
3420,657,25
3421,657,27
3422,657,29
3423,657,31
3424,657,33
3425,657,35
3426,657,37
3427,657,39
3428,657,41
3429,657,43
3430,657,46
3431,657,48
3432,657,50
3433,658,3
3434,659,3
3435,660,3
3436,661,3
3437,662,1
3438,663,1
3439,663,5
3440,664,27
3441,664,29
3442,664,31
3443,664,33
3444,664,35
3445,664,37
3446,664,39
3447,664,41
3448,664,43
3449,665,1
3450,666,3
3451,667,4
3452,667,5
3453,668,2
3454,669,3
3455,670,1
3456,670,4
3457,671,1
3458,672,25
3459,673,4
3460,673,5
3461,674,3
3462,675,8
3463,675,9
3464,676,48
3465,676,50
3466,677,46
3467,677,48
3468,677,54
3469,677,56
3470,677,60
3471,678,46
3472,678,48
3473,678,56
3474,678,60
3475,679,60
3476,680,43
3477,680,46
3478,680,48
3479,680,50
3480,680,52
3481,681,29
3482,681,31
3483,681,33
3484,681,35
3485,681,37
3486,681,39
3487,681,41
3488,681,43
3489,681,46
3490,681,48
3491,681,52
3492,682,46
3493,682,48
3494,682,50
3495,682,52
3496,682,54
3497,682,56
3498,682,58
3499,682,60
3500,683,46
3501,683,48
3502,683,50
3503,683,52
3504,683,54
3505,683,56
3506,683,58
3507,683,60
3508,684,60
3509,685,54
3510,685,56
3511,686,60
3512,687,48
3513,687,50
3514,687,60
3515,688,54
3516,688,60
3517,689,54
3518,689,60
3519,690,46
3520,690,48
3521,690,50
3522,690,52
3523,691,39
3524,691,41
3525,691,43
3526,691,46
3527,691,48
3528,691,50
3529,691,52
3530,692,58
3531,692,60
3532,693,58
3533,693,60
3534,694,39
3535,694,41
3536,694,43
3537,694,46
3538,694,48
3539,694,50
3540,694,52
3541,694,54
3542,694,56
3543,694,58
3544,695,1
3545,695,4
3546,695,6
3547,695,8
3548,695,9
3549,695,11
3550,695,13
3551,695,15
3552,695,21
3553,695,23
3554,695,25
3555,695,27
3556,695,29
3557,695,31
3558,695,33
3559,695,35
3560,695,37
3561,695,39
3562,695,41
3563,695,43
3564,695,46
3565,695,48
3566,695,50
3567,695,52
3568,695,54
3569,695,56
3570,695,58
3571,696,6
3572,696,8
3573,696,9
3574,696,11
3575,696,13
3576,696,15
3577,696,21
3578,696,23
3579,696,25
3580,697,41
3581,697,46
3582,697,60
3583,698,1
3584,698,8
3585,698,9
3586,698,15
3587,698,21
3588,698,23
3589,698,25
3590,698,27
3591,698,29
3592,698,31
3593,698,33
3594,698,35
3595,698,41
3596,698,56
3597,699,8
3598,699,23
3599,699,31
3600,699,33
3601,700,54
3602,700,56
3603,700,60
3604,701,60
3605,702,8
3606,702,9
3607,702,11
3608,702,13
3609,702,15
3610,702,21
3611,702,23
3612,702,25
3613,702,27
3614,702,29
3615,702,31
3616,702,33
3617,702,35
3618,702,37
3619,702,39
3620,702,41
3621,702,43
3622,702,46
3623,702,48
3624,703,56
3625,704,11
3626,704,13
3627,704,15
3628,704,21
3629,704,23
3630,704,25
3631,704,27
3632,704,29
3633,704,31
3634,704,33
3635,704,35
3636,704,37
3637,704,39
3638,704,41
3639,704,43
3640,704,46
3641,704,48
3642,704,50
3643,705,3
3644,706,3
3645,707,3
3646,708,3
3647,709,3
3648,710,3
3649,711,3
3650,712,5
3651,713,1
3652,714,3
3653,715,5
3654,716,2
3655,717,3
3656,719,5
3657,720,3
3658,721,3
3659,722,8
3660,722,9
3661,723,48
3662,723,50
3663,724,54
3664,725,43
3665,725,46
3666,725,48
3667,725,50
3668,725,52
3669,726,43
3670,726,46
3671,726,48
3672,726,50
3673,726,52
3674,727,29
3675,727,31
3676,727,33
3677,727,35
3678,727,37
3679,727,39
3680,727,41
3681,727,43
3682,727,46
3683,727,48
3684,727,50
3685,727,52
3686,728,58
3687,729,58
3688,730,54
3689,730,56
3690,730,58
3691,730,60
3692,731,48
3693,731,50
3694,731,52
3695,731,54
3696,731,56
3697,731,58
3698,731,60
3699,732,58
3700,732,60
3701,733,48
3702,733,50
3703,733,52
3704,733,58
3705,733,60
3706,734,58
3707,735,58
3708,736,54
3709,736,56
3710,736,58
3711,736,60
3712,737,54
3713,737,56
3714,737,58
3715,737,60
3716,738,46
3717,738,48
3718,738,50
3719,738,52
3720,739,2
3721,739,39
3722,739,41
3723,739,43
3724,739,46
3725,739,48
3726,739,50
3727,739,52
3728,740,58
3729,741,58
3730,742,41
3731,742,43
3732,742,46
3733,742,48
3734,742,50
3735,742,52
3736,742,54
3737,742,56
3738,742,58
3739,742,60
3740,743,1
3741,743,2
3742,743,4
3743,743,5
3744,743,8
3745,743,9
3746,743,11
3747,743,13
3748,743,15
3749,743,21
3750,743,23
3751,743,25
3752,743,27
3753,743,29
3754,743,31
3755,743,33
3756,743,35
3757,743,37
3758,743,39
3759,743,41
3760,743,43
3761,743,46
3762,743,48
3763,743,50
3764,743,52
3765,743,54
3766,743,56
3767,743,58
3768,743,60
3769,744,4
3770,744,5
3771,744,8
3772,744,9
3773,744,11
3774,744,13
3775,744,15
3776,744,21
3777,744,23
3778,744,25
3779,744,27
3780,744,29
3781,744,31
3782,744,33
3783,745,54
3784,745,56
3785,745,58
3786,745,60
3787,746,60
3788,747,5
3789,748,8
3790,748,9
3791,748,11
3792,748,13
3793,748,15
3794,748,21
3795,748,23
3796,748,25
3797,748,27
3798,748,29
3799,748,31
3800,748,33
3801,748,35
3802,748,37
3803,748,39
3804,748,41
3805,748,43
3806,748,46
3807,748,48
3808,748,50
3809,748,52
3810,748,54
3811,748,56
3812,748,58
3813,749,58
3814,750,58
3815,751,54
3816,751,56
3817,751,58
3818,751,60
3819,752,48
3820,752,50
3821,752,52
3822,752,54
3823,752,56
3824,752,58
3825,752,60
3826,753,58
3827,754,58
3828,755,8
3829,757,9
3830,758,5
3831,758,6
3832,758,15
3833,759,6
3834,759,8
3835,759,9
3836,759,15
3837,760,5
3838,760,6
3839,760,8
3840,760,9
3841,761,3
3842,762,3
3843,763,58
3844,763,60
3845,764,58
3846,764,60
3847,765,9
3848,765,11
3849,766,5
3850,767,8
3851,768,58
3852,768,60
3853,769,58
3854,769,60
3855,770,6
3856,770,9
3857,770,15
3858,771,9
3859,771,15
3860,771,21
3861,773,3
3862,774,9
3863,774,15
3864,775,5
3865,775,6
3866,775,8
3867,776,3
3868,777,3
3869,778,3
3870,779,3
3871,780,21
3872,781,8
3873,782,6
3874,782,8
3875,782,9
3876,783,6
3877,783,8
3878,783,9
3879,784,11
3880,784,13
3881,784,15
3882,784,21
3883,784,23
3884,784,25
3885,784,27
3886,784,29
3887,784,31
3888,784,33
3889,784,35
3890,784,37
3891,784,39
3892,784,41
3893,784,43
3894,784,46
3895,784,48
3896,784,50
3897,784,52
3898,784,54
3899,784,56
3900,784,58
3901,785,4
3902,785,5
3903,785,6
3904,785,8
3905,785,9
3906,785,11
3907,785,13
3908,785,15
3909,785,21
3910,785,23
3911,785,25
3912,785,27
3913,785,29
3914,785,31
3915,785,33
3916,785,35
3917,785,37
3918,785,39
3919,785,41
3920,785,43
3921,785,46
3922,785,48
3923,785,50
3924,785,52
3925,785,54
3926,785,56
3927,785,58
3928,786,8
3929,786,9
3930,786,11
3931,786,13
3932,786,15
3933,786,21
3934,786,23
3935,786,25
3936,786,27
3937,786,29
3938,786,31
3939,786,33
3940,786,35
3941,786,37
3942,786,39
3943,786,41
3944,786,43
3945,786,46
3946,786,48
3947,786,50
3948,786,52
3949,786,54
3950,786,56
3951,786,58
3952,787,3
3953,787,5
3954,787,6
3955,787,8
3956,787,9
3957,787,11
3958,787,13
3959,787,15
3960,787,21
3961,787,23
3962,787,25
3963,787,27
3964,787,29
3965,787,31
3966,787,33
3967,787,35
3968,787,37
3969,787,39
3970,787,41
3971,787,43
3972,787,46
3973,787,48
3974,787,50
3975,787,52
3976,787,54
3977,787,56
3978,787,58
3979,788,60
3980,789,60
3981,790,58
3982,791,58
3983,792,60
3984,793,60
3985,794,58
3986,795,58
3987,796,48
3988,796,50
3989,796,52
3990,796,54
3991,796,56
3992,796,58
3993,797,48
3994,797,50
3995,797,52
3996,797,54
3997,797,56
3998,797,58
3999,798,48
4000,798,50
4001,798,52
4002,798,54
4003,798,56
4004,798,58
4005,799,48
4006,799,50
4007,799,52
4008,799,54
4009,799,56
4010,799,58
4011,800,5
4012,801,6
4013,801,8
4014,803,3
4015,803,5
4016,803,6
4017,804,11
4018,805,2
4019,806,2
4020,807,6
4021,807,8
4022,807,9
4023,807,11
4024,807,13
4025,807,15
4026,807,21
4027,807,23
4028,807,25
4029,807,27
4030,808,29
4031,808,31
4032,808,33
4033,808,35
4034,808,37
4035,808,39
4036,808,41
4037,808,43
4038,808,46
4039,808,48
4040,808,50
4041,808,52
4042,808,54
4043,808,56
4044,809,6
4045,809,8
4046,809,9
4047,809,11
4048,809,13
4049,809,15
4050,809,21
4051,809,23
4052,809,25
4053,809,27
4054,810,29
4055,810,31
4056,810,33
4057,810,35
4058,810,37
4059,810,39
4060,810,41
4061,810,43
4062,810,46
4063,810,48
4064,810,50
4065,810,52
4066,810,54
4067,810,56
4068,811,8
4069,812,8
4070,813,58
4071,813,60
4072,814,6
4073,814,8
4074,814,9
4075,814,11
4076,814,13
4077,814,15
4078,814,21
4079,815,23
4080,815,25
4081,815,27
4082,815,29
4083,815,31
4084,815,33
4085,815,35
4086,815,37
4087,815,39
4088,815,41
4089,815,43
4090,815,46
4091,815,48
4092,815,50
4093,815,52
4094,815,54
4095,815,56
4096,816,58
4097,816,60
4098,817,11
4099,817,13
4100,817,15
4101,817,21
4102,818,23
4103,818,25
4104,818,29
4105,818,31
4106,818,33
4107,818,35
4108,818,37
4109,818,39
4110,818,41
4111,818,43
4112,818,46
4113,818,48
4114,818,50
4115,818,52
4116,818,54
4117,818,56
4118,819,2
4119,820,2
4120,821,23
4121,821,27
4122,821,29
4123,821,31
4124,821,33
4125,821,35
4126,821,37
4127,821,39
4128,821,41
4129,821,43
4130,821,46
4131,821,48
4132,821,50
4133,821,52
4134,821,54
4135,821,56
4136,821,58
4137,822,6
4138,822,8
4139,822,9
4140,822,11
4141,822,13
4142,822,15
4143,822,21
4144,823,23
4145,823,29
4146,823,31
4147,823,33
4148,823,35
4149,823,37
4150,823,39
4151,823,41
4152,823,43
4153,823,46
4154,823,48
4155,823,50
4156,823,52
4157,823,54
4158,823,56
4159,823,58
4160,824,6
4161,824,8
4162,824,11
4163,824,13
4164,824,15
4165,824,21
4166,825,2
4167,826,58
4168,826,60
4169,827,58
4170,827,60
4171,828,29
4172,828,31
4173,828,33
4174,828,35
4175,828,37
4176,828,39
4177,828,41
4178,828,43
4179,828,46
4180,828,48
4181,828,50
4182,828,52
4183,828,54
4184,828,56
4185,828,58
4186,829,6
4187,829,8
4188,829,9
4189,829,11
4190,829,13
4191,829,15
4192,829,21
4193,829,23
4194,829,27
4195,830,29
4196,830,31
4197,830,33
4198,830,35
4199,830,37
4200,830,39
4201,830,41
4202,830,43
4203,830,46
4204,830,48
4205,830,50
4206,830,52
4207,830,54
4208,830,56
4209,830,58
4210,831,6
4211,831,8
4212,831,9
4213,831,11
4214,831,13
4215,831,15
4216,831,21
4217,831,23
4218,831,27
4219,832,2
4220,833,2
4221,834,2
4222,835,2
4223,836,2
4224,836,23
4225,836,27
4226,836,29
4227,836,31
4228,836,33
4229,836,35
4230,836,37
4231,836,39
4232,836,41
4233,836,43
4234,836,46
4235,836,48
4236,836,50
4237,836,52
4238,836,54
4239,836,56
4240,836,58
4241,837,6
4242,837,8
4243,837,9
4244,837,11
4245,837,13
4246,837,15
4247,837,21
4248,837,23
4249,838,58
4250,838,60
4251,839,6
4252,839,8
4253,839,9
4254,839,11
4255,839,13
4256,839,15
4257,839,21
4258,839,23
4259,840,2
4260,840,25
4261,840,27
4262,840,29
4263,840,31
4264,840,33
4265,840,35
4266,840,37
4267,840,39
4268,840,41
4269,840,43
4270,840,46
4271,840,48
4272,840,50
4273,840,52
4274,840,54
4275,840,56
4276,841,58
4277,841,60
4278,842,6
4279,842,8
4280,842,9
4281,842,11
4282,842,13
4283,842,15
4284,842,21
4285,842,23
4286,843,25
4287,843,27
4288,843,29
4289,843,31
4290,843,33
4291,843,35
4292,843,37
4293,843,39
4294,843,41
4295,843,43
4296,843,46
4297,843,48
4298,843,50
4299,843,52
4300,843,54
4301,843,56
4302,844,2
4303,845,2
4304,846,23
4305,846,27
4306,846,29
4307,846,31
4308,846,33
4309,846,35
4310,846,37
4311,846,39
4312,846,41
4313,846,43
4314,846,46
4315,846,48
4316,846,50
4317,846,52
4318,846,54
4319,846,56
4320,846,58
4321,847,6
4322,847,8
4323,847,9
4324,847,11
4325,847,13
4326,847,15
4327,847,21
4328,847,23
4329,848,8
4330,849,8
4331,850,1
4332,851,1
4333,852,1
4334,853,2
4335,854,2
4336,855,2
4337,856,1
4338,857,2
4339,858,1
4340,859,2
4341,860,2
4342,862,2
4343,863,2
4344,864,2
4345,865,6
4346,866,6
4347,868,13
4348,869,46
4349,869,48
4350,869,50
4351,869,52
4352,869,54
4353,869,56
4354,869,58
4355,869,60
4356,870,2
4357,870,3
4358,870,4
4359,870,5
4360,870,6
4361,870,8
4362,870,9
4363,870,11
4364,870,13
4365,870,15
4366,870,21
4367,870,23
4368,870,25
4369,870,27
4370,870,29
4371,870,31
4372,870,33
4373,870,35
4374,870,37
4375,870,39
4376,870,41
4377,870,43
4378,870,46
4379,870,48
4380,870,50
4381,870,52
4382,870,54
4383,870,56
4384,870,58
4385,870,60
4386,871,2
4387,872,2
4388,872,4
4389,873,46
4390,873,48
4391,873,50
4392,873,54
4393,873,56
4394,873,58
4395,873,60
4396,874,4
4397,874,5
4398,874,6
4399,874,8
4400,874,9
4401,874,11
4402,874,13
4403,874,15
4404,874,21
4405,874,23
4406,874,25
4407,874,27
4408,874,29
4409,874,31
4410,874,33
4411,874,35
4412,874,37
4413,874,39
4414,874,41
4415,874,43
4416,874,46
4417,874,48
4418,874,50
4419,874,52
4420,874,56
4421,874,58
4422,874,60
4423,875,5
4424,876,9
4425,876,11
4426,876,13
4427,876,15
4428,876,21
4429,876,23
4430,876,25
4431,876,27
4432,876,29
4433,876,31
4434,876,33
4435,876,35
4436,876,37
4437,876,39
4438,876,41
4439,876,43
4440,876,46
4441,876,48
4442,876,50
4443,876,52
4444,876,54
4445,876,56
4446,876,58
4447,876,60
4448,877,1
4449,877,2
4450,877,3
4451,877,4
4452,877,6
4453,877,8
4454,877,9
4455,877,11
4456,877,13
4457,877,15
4458,877,21
4459,877,23
4460,877,25
4461,877,27
4462,877,29
4463,877,31
4464,877,33
4465,877,35
4466,877,37
4467,877,39
4468,877,41
4469,877,43
4470,877,46
4471,877,48
4472,877,50
4473,877,52
4474,877,54
4475,877,56
4476,877,58
4477,877,60
4478,878,1
4479,878,2
4480,879,27
4481,879,29
4482,879,31
4483,879,33
4484,879,35
4485,879,37
4486,879,39
4487,879,41
4488,879,43
4489,879,46
4490,879,48
4491,879,52
4492,879,54
4493,879,58
4494,879,60
4495,880,3
4496,880,8
4497,880,9
4498,880,11
4499,880,13
4500,880,15
4501,880,21
4502,880,23
4503,880,25
4504,880,27
4505,880,29
4506,880,31
4507,880,33
4508,880,35
4509,880,37
4510,880,39
4511,880,41
4512,880,43
4513,880,46
4514,880,48
4515,880,50
4516,880,54
4517,880,56
4518,880,58
4519,880,60
4520,881,6
4521,882,6
4522,883,5
4523,884,5
4524,885,2
4525,886,2
4526,887,8
4527,888,6
4528,888,8
4529,888,9
4530,888,11
4531,888,13
4532,888,15
4533,888,21
4534,888,25
4535,888,27
4536,888,29
4537,888,31
4538,888,33
4539,888,35
4540,888,37
4541,888,41
4542,888,43
4543,889,2
4544,890,2
4545,891,21
4546,892,9
4547,892,15
4548,893,1
4549,894,50
4550,894,52
4551,894,54
4552,894,56
4553,894,58
4554,894,60
4555,895,1
4556,895,2
4557,895,3
4558,895,4
4559,895,5
4560,895,6
4561,895,8
4562,895,9
4563,895,11
4564,895,13
4565,895,15
4566,895,21
4567,895,23
4568,895,25
4569,895,27
4570,895,29
4571,895,31
4572,895,33
4573,895,35
4574,895,37
4575,895,39
4576,895,41
4577,895,43
4578,895,46
4579,895,48
4580,895,50
4581,895,52
4582,895,54
4583,895,56
4584,895,58
4585,895,60
4586,896,4
4587,897,2
4588,897,4
4589,898,52
4590,898,56
4591,898,58
4592,898,60
4593,899,4
4594,899,5
4595,899,6
4596,899,8
4597,899,9
4598,899,11
4599,899,13
4600,899,15
4601,899,21
4602,899,23
4603,899,25
4604,899,27
4605,899,29
4606,899,31
4607,899,33
4608,899,35
4609,899,37
4610,899,39
4611,899,41
4612,899,43
4613,899,46
4614,899,48
4615,899,50
4616,899,52
4617,899,54
4618,899,58
4619,899,60
4620,900,2
4621,901,2
4622,902,3
4623,903,2
4624,904,5
4625,905,6
4626,906,6
4627,907,6
4628,908,5
4629,909,5
4630,910,6
4631,911,9
4632,911,25
4633,911,27
4634,911,29
4635,911,31
4636,911,33
4637,911,35
4638,911,37
4639,911,41
4640,912,5
4641,913,2
4642,914,6
4643,915,32
4644,915,36
4645,915,38
4646,915,40
4647,915,42
4648,915,44
4649,915,45
4650,915,47
4651,915,49
4652,915,51
4653,915,53
4654,915,55
4655,915,57
4656,915,59
4657,916,5
4658,916,8
4659,916,10
4660,916,12
4661,916,14
4662,916,16
4663,916,22
4664,916,24
4665,916,26
4666,916,28
4667,916,30
4668,916,32
4669,916,34
4670,916,36
4671,916,38
4672,916,40
4673,916,42
4674,916,44
4675,916,45
4676,916,47
4677,916,49
4678,916,51
4679,916,53
4680,916,55
4681,916,57
4682,916,59
4683,917,5
4684,917,8
4685,917,10
4686,917,12
4687,917,14
4688,917,16
4689,917,22
4690,917,24
4691,917,26
4692,917,28
4693,917,30
4694,917,32
4695,917,34
4696,917,36
4697,917,38
4698,917,40
4699,917,42
4700,917,44
4701,917,45
4702,917,47
4703,917,49
4704,917,51
4705,917,53
4706,917,55
4707,917,57
4708,917,59
4709,918,5
4710,918,8
4711,918,10
4712,918,12
4713,918,14
4714,918,16
4715,918,22
4716,918,24
4717,918,26
4718,918,28
4719,918,30
4720,918,32
4721,918,34
4722,918,36
4723,918,38
4724,918,40
4725,918,42
4726,918,44
4727,918,45
4728,918,47
4729,918,49
4730,918,51
4731,918,53
4732,918,55
4733,918,57
4734,918,59
4735,919,5
4736,920,55
4737,920,57
4738,920,59
4739,922,9
4740,923,3
4741,924,3
4742,929,46
4743,929,48
4744,929,50
4745,929,52
4746,929,54
4747,929,56
4748,929,58
4749,930,2
4750,930,3
4751,930,4
4752,930,5
4753,930,6
4754,930,8
4755,930,9
4756,930,11
4757,930,15
4758,930,21
4759,930,23
4760,930,25
4761,930,27
4762,930,29
4763,930,31
4764,930,33
4765,930,35
4766,930,37
4767,930,39
4768,930,41
4769,930,43
4770,930,46
4771,930,48
4772,930,50
4773,930,52
4774,930,54
4775,930,56
4776,930,58
4777,931,60
4778,932,60
4779,934,11
4780,935,58
4781,936,58
4782,937,6
4783,938,8
4784,939,42
4785,939,44
4786,939,45
4787,939,47
4788,939,49
4789,939,51
4790,939,53
4791,939,55
4792,939,57
4793,939,59
4794,940,42
4795,940,44
4796,940,45
4797,940,47
4798,940,49
4799,940,51
4800,940,53
4801,940,55
4802,940,57
4803,940,59
4804,941,42
4805,941,44
4806,942,42
4807,942,44
4808,943,59
4809,944,59
4810,945,55
4811,945,57
4812,945,59
4813,946,55
4814,946,57
4815,946,59
4816,947,42
4817,947,44
4818,947,45
4819,947,47
4820,947,49
4821,947,51
4822,947,53
4823,947,55
4824,947,57
4825,947,59
4826,948,42
4827,948,44
4828,948,45
4829,948,47
4830,948,49
4831,948,51
4832,948,53
4833,948,55
4834,948,57
4835,948,59
4836,949,53
4837,949,55
4838,949,57
4839,949,59
4840,950,53
4841,950,55
4842,950,57
4843,950,59
4844,951,55
4845,951,57
4846,951,59
4847,952,55
4848,952,57
4849,952,59
4850,953,59
4851,954,5
4852,955,2
4853,955,3
4854,956,2
4855,957,2
4856,958,2
4857,959,3
4858,960,2
4859,960,56
4860,960,58
4861,961,2
4862,961,3
4863,961,56
4864,961,58
4865,962,2
4866,963,58
4867,963,60
4868,964,58
4869,964,60
4870,965,3
4871,966,2
4872,966,3
4873,967,2
4874,968,3
4875,969,35
4876,969,37
4877,969,39
4878,969,41
4879,969,43
4880,969,46
4881,969,48
4882,969,50
4883,969,52
4884,969,54
4885,969,56
4886,969,58
4887,970,15
4888,970,33
4889,970,35
4890,970,37
4891,970,39
4892,970,41
4893,970,43
4894,970,46
4895,970,48
4896,970,50
4897,970,52
4898,970,54
4899,970,56
4900,970,58
4901,971,60
4902,972,60
4903,973,58
4904,974,58
4905,975,27
4906,976,5
4907,976,8
4908,977,37
4909,977,39
4910,977,41
4911,977,43
4912,977,46
4913,977,48
4914,977,50
4915,977,52
4916,977,54
4917,977,56
4918,977,58
4919,978,5
4920,978,8
4921,978,11
4922,978,13
4923,978,15
4924,978,21
4925,978,23
4926,978,25
4927,978,27
4928,978,29
4929,978,31
4930,978,33
4931,978,35
4932,978,37
4933,978,39
4934,978,41
4935,978,43
4936,978,46
4937,978,48
4938,978,50
4939,978,52
4940,978,54
4941,978,56
4942,978,58
4943,979,60
4944,980,60
4945,981,5
4946,981,8
4947,982,58
4948,983,58
4949,984,10
4950,985,10
4951,986,10
4952,986,12
4953,987,10
4954,988,10
4955,988,12
4956,989,10
4957,990,14
4958,991,8
4959,992,47
4960,992,49
4961,992,51
4962,992,53
4963,992,55
4964,992,57
4965,992,59
4966,993,8
4967,993,10
4968,993,12
4969,993,14
4970,993,16
4971,993,22
4972,993,24
4973,993,26
4974,993,28
4975,993,30
4976,993,32
4977,993,34
4978,993,36
4979,993,38
4980,993,40
4981,993,42
4982,993,44
4983,993,45
4984,993,47
4985,993,49
4986,993,51
4987,993,53
4988,993,55
4989,993,57
4990,993,59
4991,994,10
4992,995,12
4993,996,5
4994,997,5
4995,998,58
4996,998,60
4997,999,58
4998,999,60
4999,1000,58
5000,1000,60
5001,1001,58
5002,1001,60
5003,1002,58
5004,1002,60
5005,1003,58
5006,1003,60
5007,1004,58
5008,1004,60
5009,1005,58
5010,1005,60
5011,1006,58
5012,1006,60
5013,1007,58
5014,1007,60
5015,1008,58
5016,1008,60
5017,1009,58
5018,1009,60
5019,1010,29
5020,1010,33
5021,1010,35
5022,1010,37
5023,1010,39
5024,1011,41
5025,1011,43
5026,1011,46
5027,1011,48
5028,1011,50
5029,1011,52
5030,1011,54
5031,1011,56
5032,1011,58
5033,1012,37
5034,1012,39
5035,1012,41
5036,1012,43
5037,1012,46
5038,1012,48
5039,1012,50
5040,1012,52
5041,1012,54
5042,1012,56
5043,1012,58
5044,1013,41
5045,1013,43
5046,1013,46
5047,1013,48
5048,1013,50
5049,1013,52
5050,1013,54
5051,1013,56
5052,1013,58
5053,1014,33
5054,1014,35
5055,1014,37
5056,1014,39
5057,1014,41
5058,1014,43
5059,1014,46
5060,1014,48
5061,1014,50
5062,1014,52
5063,1014,54
5064,1014,56
5065,1014,58
5066,1015,41
5067,1015,43
5068,1015,46
5069,1015,48
5070,1015,50
5071,1015,52
5072,1015,54
5073,1015,56
5074,1015,58
5075,1016,37
5076,1016,39
5077,1016,41
5078,1016,43
5079,1016,46
5080,1016,48
5081,1016,50
5082,1016,52
5083,1016,54
5084,1016,56
5085,1016,58
5086,1017,41
5087,1017,43
5088,1017,46
5089,1017,48
5090,1017,50
5091,1017,52
5092,1017,54
5093,1017,56
5094,1017,58
5095,1018,33
5096,1018,35
5097,1018,37
5098,1018,39
5099,1018,41
5100,1018,43
5101,1018,46
5102,1018,48
5103,1018,50
5104,1018,52
5105,1018,54
5106,1018,56
5107,1018,58
5108,1019,41
5109,1019,43
5110,1019,46
5111,1019,48
5112,1019,50
5113,1019,52
5114,1019,54
5115,1019,56
5116,1019,58
5117,1020,29
5118,1020,33
5119,1020,35
5120,1020,37
5121,1020,39
5122,1020,41
5123,1020,43
5124,1020,46
5125,1020,48
5126,1020,50
5127,1020,52
5128,1020,54
5129,1020,56
5130,1020,58
5131,1021,41
5132,1021,43
5133,1021,46
5134,1021,48
5135,1021,50
5136,1021,52
5137,1021,54
5138,1021,56
5139,1021,58
5140,1022,29
5141,1022,33
5142,1022,35
5143,1022,37
5144,1022,39
5145,1022,41
5146,1022,43
5147,1022,46
5148,1022,48
5149,1022,50
5150,1022,52
5151,1022,54
5152,1022,56
5153,1022,58
5154,1023,41
5155,1023,43
5156,1023,46
5157,1023,48
5158,1023,50
5159,1023,52
5160,1023,54
5161,1023,56
5162,1023,58
5163,1024,29
5164,1024,33
5165,1024,35
5166,1024,37
5167,1024,39
5168,1024,41
5169,1024,43
5170,1024,46
5171,1024,48
5172,1024,50
5173,1024,52
5174,1024,54
5175,1024,56
5176,1024,58
5177,1025,58
5178,1025,60
5179,1026,58
5180,1027,58
5181,1028,58
5182,1029,58
5183,1030,58
5184,1031,58
5185,1032,58
5186,1033,58
5187,1034,58
5188,1035,58
5189,1036,3
5190,1036,5
5191,1036,13
5192,1037,30
5193,1037,32
5194,1037,34
5195,1037,36
5196,1037,38
5197,1037,40
5198,1037,42
5199,1037,44
5200,1037,45
5201,1037,47
5202,1037,49
5203,1037,51
5204,1037,53
5205,1037,55
5206,1037,57
5207,1037,59
5208,1038,30
5209,1038,32
5210,1038,34
5211,1038,36
5212,1038,38
5213,1038,40
5214,1038,42
5215,1038,44
5216,1038,45
5217,1038,47
5218,1038,49
5219,1038,51
5220,1038,53
5221,1038,55
5222,1039,30
5223,1039,32
5224,1039,34
5225,1039,36
5226,1039,38
5227,1039,40
5228,1039,42
5229,1039,44
5230,1039,45
5231,1039,47
5232,1039,49
5233,1039,51
5234,1039,53
5235,1039,55
5236,1039,57
5237,1039,59
5238,1040,30
5239,1040,32
5240,1040,34
5241,1040,36
5242,1040,38
5243,1040,40
5244,1040,42
5245,1040,44
5246,1040,45
5247,1040,47
5248,1040,49
5249,1040,51
5250,1040,53
5251,1040,55
5252,1040,57
5253,1040,59
5254,1041,55
5255,1041,57
5256,1041,59
5257,1042,52
5258,1042,54
5259,1042,56
5260,1042,58
5261,1043,58
5262,1043,60
5263,1044,58
5264,1044,60
5265,1045,60
5266,1046,60
5267,1047,60
5268,1048,60
5269,1049,60
5270,1050,60
5271,1051,60
5272,1052,60
5273,1053,52
5274,1053,54
5275,1053,56
5276,1054,10
5277,1055,10
5278,1056,10
5279,1057,10
5280,1057,12
5281,1057,16
5282,1057,22
5283,1058,6
5284,1059,6
5285,1060,6
5286,1061,6
5287,1062,6
5288,1062,13
5289,1062,27
5290,1063,6
5291,1063,9
5292,1063,21
5293,1063,25
5294,1063,27
5295,1063,29
5296,1064,6
5297,1064,27
5298,1065,6
5299,1066,48
5300,1066,50
5301,1066,52
5302,1066,54
5303,1066,56
5304,1066,58
5305,1066,60
5306,1067,6
5307,1067,8
5308,1067,9
5309,1067,11
5310,1067,13
5311,1067,15
5312,1067,21
5313,1067,23
5314,1067,25
5315,1067,27
5316,1067,29
5317,1067,31
5318,1067,33
5319,1067,35
5320,1067,37
5321,1067,39
5322,1067,41
5323,1067,43
5324,1067,46
5325,1067,48
5326,1067,50
5327,1067,52
5328,1067,54
5329,1067,56
5330,1067,58
5331,1067,60
5332,1068,11
5333,1069,13
5334,1069,27
5335,1070,6
5336,1070,15
5337,1071,31
5338,1072,9
5339,1072,21
5340,1072,23
5341,1072,25
5342,1072,27
5343,1072,29
5344,1072,31
5345,1072,33
5346,1072,35
5347,1072,37
5348,1072,39
5349,1072,41
5350,1072,43
5351,1073,5
5352,1074,5
5353,1075,5
5354,1076,5
5355,1077,5
5356,1078,10
5357,1078,14
5358,1079,14
5359,1080,10
5360,1080,12
5361,1080,14
5362,1080,16
5363,1080,22
5364,1080,24
5365,1080,26
5366,1080,28
5367,1080,30
5368,1080,32
5369,1080,34
5370,1080,36
5371,1080,38
5372,1080,40
5373,1080,42
5374,1080,44
5375,1080,45
5376,1080,47
5377,1080,49
5378,1080,51
5379,1081,53
5380,1081,55
5381,1081,57
5382,1081,59
5383,1082,10
5384,1082,12
5385,1082,14
5386,1082,16
5387,1082,26
5388,1082,28
5389,1082,30
5390,1082,32
5391,1082,34
5392,1082,36
5393,1082,38
5394,1082,49
5395,1083,45
5396,1083,51
5397,1083,53
5398,1083,57
5399,1084,12
5400,1085,53
5401,1085,55
5402,1085,57
5403,1085,59
5404,1086,32
5405,1086,34
5406,1086,36
5407,1086,38
5408,1086,44
5409,1087,59
5410,1088,49
5411,1088,51
5412,1089,42
5413,1089,44
5414,1089,45
5415,1089,47
5416,1089,49
5417,1089,51
5418,1089,53
5419,1089,55
5420,1089,57
5421,1089,59
5422,1090,2
5423,1090,5
5424,1090,8
5425,1090,9
5426,1090,15
5427,1091,5
5428,1092,5
5429,1093,46
5430,1093,48
5431,1093,50
5432,1093,52
5433,1093,54
5434,1093,56
5435,1093,58
5436,1094,60
5437,1095,58
5438,1096,39
5439,1096,41
5440,1096,43
5441,1096,46
5442,1096,48
5443,1096,50
5444,1096,52
5445,1096,54
5446,1096,56
5447,1096,58
5448,1097,58
5449,1097,60
5450,1098,3
5451,1099,4
5452,1101,4
5453,1102,35
5454,1102,37
5455,1102,39
5456,1102,41
5457,1102,43
5458,1102,46
5459,1102,48
5460,1102,50
5461,1102,52
5462,1102,54
5463,1102,56
5464,1103,2
5465,1103,3
5466,1103,5
5467,1103,6
5468,1103,8
5469,1103,9
5470,1103,11
5471,1103,13
5472,1103,15
5473,1103,21
5474,1103,23
5475,1103,25
5476,1103,27
5477,1103,29
5478,1103,31
5479,1103,33
5480,1103,35
5481,1103,37
5482,1103,39
5483,1103,41
5484,1103,43
5485,1103,46
5486,1103,48
5487,1103,50
5488,1103,52
5489,1103,54
5490,1103,56
5491,1104,35
5492,1104,37
5493,1104,39
5494,1104,41
5495,1105,2
5496,1105,4
5497,1105,8
5498,1105,9
5499,1105,11
5500,1105,13
5501,1105,15
5502,1105,21
5503,1105,23
5504,1105,25
5505,1105,27
5506,1105,29
5507,1105,31
5508,1105,33
5509,1105,35
5510,1105,37
5511,1105,39
5512,1105,41
5513,1105,43
5514,1106,6
5515,1107,6
5516,1108,2
5517,1108,8
5518,1108,9
5519,1108,11
5520,1108,13
5521,1108,15
5522,1108,21
5523,1108,23
5524,1108,25
5525,1108,27
5526,1108,29
5527,1108,31
5528,1108,33
5529,1108,35
5530,1108,37
5531,1108,39
5532,1108,41
5533,1108,43
5534,1110,4
5535,1111,4
5536,1112,35
5537,1112,37
5538,1112,39
5539,1113,43
5540,1113,58
5541,1114,2
5542,1114,3
5543,1114,5
5544,1114,9
5545,1114,11
5546,1114,13
5547,1114,15
5548,1114,21
5549,1114,23
5550,1114,25
5551,1114,27
5552,1114,29
5553,1114,31
5554,1114,33
5555,1114,35
5556,1114,37
5557,1114,39
5558,1114,41
5559,1114,43
5560,1114,46
5561,1114,48
5562,1114,50
5563,1114,52
5564,1114,54
5565,1114,56
5566,1114,58
5567,1115,3
5568,1116,35
5569,1116,37
5570,1116,39
5571,1116,41
5572,1116,43
5573,1116,46
5574,1116,48
5575,1116,50
5576,1116,52
5577,1116,54
5578,1116,56
5579,1116,58
5580,1117,2
5581,1117,3
5582,1117,5
5583,1117,9
5584,1117,11
5585,1117,13
5586,1117,15
5587,1117,21
5588,1117,23
5589,1117,25
5590,1117,27
5591,1117,29
5592,1117,31
5593,1117,33
5594,1117,35
5595,1117,37
5596,1117,39
5597,1117,41
5598,1117,43
5599,1117,46
5600,1117,48
5601,1117,50
5602,1117,52
5603,1117,54
5604,1117,56
5605,1117,58
5606,1118,3
5607,1119,35
5608,1119,37
5609,1119,39
5610,1119,41
5611,1119,43
5612,1119,46
5613,1119,48
5614,1119,50
5615,1119,52
5616,1119,54
5617,1119,56
5618,1119,58
5619,1119,60
5620,1120,3
5621,1120,8
5622,1120,9
5623,1120,11
5624,1120,13
5625,1120,15
5626,1120,21
5627,1120,23
5628,1120,25
5629,1120,27
5630,1120,29
5631,1120,31
5632,1120,33
5633,1120,35
5634,1120,37
5635,1120,39
5636,1120,41
5637,1120,43
5638,1120,46
5639,1120,48
5640,1120,50
5641,1120,52
5642,1120,54
5643,1120,56
5644,1120,58
5645,1120,60
5646,1121,3
5647,1122,58
5648,1123,58
5649,1124,60
5650,1125,60
5651,1126,58
5652,1127,58
5653,1128,35
5654,1128,37
5655,1128,39
5656,1128,41
5657,1128,43
5658,1128,46
5659,1128,48
5660,1128,50
5661,1128,52
5662,1128,54
5663,1128,56
5664,1128,58
5665,1129,2
5666,1129,3
5667,1129,5
5668,1129,6
5669,1129,8
5670,1129,9
5671,1129,11
5672,1129,13
5673,1129,15
5674,1129,21
5675,1129,23
5676,1129,25
5677,1129,27
5678,1129,29
5679,1129,31
5680,1129,33
5681,1129,35
5682,1129,37
5683,1129,39
5684,1129,41
5685,1129,43
5686,1129,46
5687,1129,48
5688,1129,50
5689,1129,52
5690,1129,54
5691,1129,56
5692,1129,58
5693,1130,3
5694,1131,60
5695,1132,60
5696,1133,58
5697,1134,58
5698,1137,46
5699,1137,48
5700,1137,50
5701,1137,52
5702,1137,54
5703,1137,56
5704,1138,46
5705,1138,48
5706,1138,50
5707,1138,52
5708,1138,54
5709,1138,56
5710,1138,58
5711,1138,60
5712,1139,46
5713,1139,48
5714,1139,50
5715,1139,52
5716,1139,54
5717,1139,56
5718,1139,58
5719,1139,60
5720,1140,58
5721,1141,58
5722,1144,13
5723,1145,60
5724,1146,60
5725,1147,58
5726,1148,58
5727,1149,41
5728,1149,43
5729,1149,46
5730,1149,48
5731,1149,50
5732,1149,52
5733,1149,54
5734,1149,56
5735,1149,58
5736,1149,60
5737,1150,35
5738,1150,37
5739,1150,39
5740,1150,41
5741,1150,43
5742,1150,46
5743,1150,48
5744,1150,50
5745,1150,52
5746,1150,54
5747,1150,56
5748,1150,58
5749,1150,60
5750,1151,58
5751,1152,58
5752,1153,35
5753,1153,37
5754,1153,39
5755,1153,41
5756,1153,43
5757,1153,46
5758,1153,48
5759,1153,50
5760,1153,52
5761,1153,54
5762,1153,56
5763,1153,58
5764,1153,60
5765,1154,2
5766,1154,3
5767,1154,4
5768,1154,5
5769,1154,6
5770,1154,8
5771,1154,9
5772,1154,11
5773,1154,13
5774,1154,15
5775,1154,21
5776,1154,23
5777,1154,25
5778,1154,27
5779,1154,29
5780,1154,31
5781,1154,33
5782,1154,35
5783,1154,37
5784,1154,39
5785,1154,41
5786,1154,43
5787,1154,46
5788,1154,48
5789,1154,50
5790,1154,52
5791,1154,54
5792,1154,56
5793,1154,58
5794,1154,60
5795,1155,3
5796,1157,8
5797,1158,2
5798,1159,2
5799,1160,2
5800,1161,2
5801,1162,2
5802,1162,5
5803,1162,8
5804,1162,9
5805,1163,2
5806,1164,60
5807,1165,60
5808,1166,56
5809,1166,58
5810,1167,56
5811,1167,58
5812,1168,58
5813,1169,58
5814,1170,2
5815,1171,2
5816,1172,2
5817,1173,2
5818,1174,2
5819,1175,2
5820,1176,2
5821,1177,2
5822,1178,6
5823,1178,8
5824,1179,6
5825,1179,8
5826,1180,8
5827,1181,8
5828,1182,5
5829,1182,6
5830,1182,8
5831,1183,5
5832,1183,6
5833,1183,8
5834,1184,8
5835,1185,8
5836,1186,2
5837,1187,2
5838,1188,2
5839,1189,2
5840,1190,2
5841,1191,2
5842,1192,8
5843,1193,8
5844,1194,8
5845,1195,8
5846,1196,23
5847,1196,25
5848,1196,27
5849,1196,29
5850,1196,31
5851,1197,23
5852,1197,25
5853,1197,27
5854,1197,29
5855,1197,31
5856,1198,8
5857,1199,8
5858,1200,5
5859,1200,6
5860,1200,8
5861,1200,9
5862,1200,11
5863,1200,13
5864,1200,15
5865,1200,21
5866,1200,23
5867,1201,5
5868,1201,6
5869,1201,8
5870,1201,9
5871,1201,11
5872,1201,13
5873,1201,15
5874,1201,21
5875,1201,23
5876,1202,5
5877,1202,8
5878,1203,5
5879,1203,8
5880,1204,5
5881,1204,6
5882,1204,8
5883,1204,9
5884,1204,11
5885,1204,13
5886,1204,15
5887,1205,5
5888,1205,6
5889,1205,8
5890,1205,9
5891,1205,11
5892,1205,13
5893,1205,15
5894,1206,60
5895,1207,60
5896,1208,60
5897,1209,6
5898,1210,6
5899,1211,6
5900,1212,2
5901,1213,60
5902,1214,60
5903,1215,35
5904,1215,37
5905,1215,39
5906,1215,41
5907,1215,43
5908,1215,46
5909,1215,48
5910,1215,50
5911,1215,52
5912,1216,35
5913,1216,37
5914,1216,39
5915,1216,41
5916,1216,43
5917,1216,46
5918,1216,48
5919,1216,50
5920,1216,52
5921,1216,56
5922,1216,58
5923,1216,60
5924,1217,58
5925,1218,9
5926,1218,11
5927,1218,13
5928,1218,15
5929,1218,21
5930,1218,23
5931,1218,25
5932,1218,27
5933,1218,29
5934,1218,31
5935,1218,33
5936,1218,35
5937,1218,37
5938,1218,39
5939,1218,41
5940,1218,46
5941,1218,48
5942,1218,50
5943,1218,52
5944,1219,43
5945,1219,46
5946,1219,48
5947,1219,50
5948,1219,52
5949,1219,54
5950,1219,56
5951,1219,58
5952,1220,43
5953,1220,46
5954,1220,48
5955,1220,50
5956,1220,52
5957,1220,54
5958,1220,56
5959,1220,58
5960,1221,9
5961,1221,11
5962,1221,13
5963,1221,15
5964,1221,21
5965,1221,23
5966,1221,25
5967,1221,27
5968,1221,29
5969,1221,31
5970,1221,33
5971,1221,35
5972,1221,37
5973,1221,39
5974,1221,41
5975,1221,46
5976,1221,48
5977,1221,50
5978,1221,52
5979,1222,58
5980,1223,58
5981,1224,58
5982,1225,54
5983,1225,56
5984,1225,58
5985,1226,6
5986,1227,6
5987,1228,48
5988,1228,50
5989,1228,52
5990,1229,56
5991,1229,58
5992,1229,60
5993,1230,54
5994,1230,56
5995,1230,58
5996,1230,60
5997,1231,48
5998,1231,50
5999,1231,52
6000,1232,58
6001,1233,58
6002,1234,21
6003,1234,23
6004,1234,25
6005,1234,27
6006,1234,29
6007,1234,31
6008,1234,33
6009,1234,35
6010,1234,37
6011,1234,39
6012,1234,41
6013,1234,43
6014,1234,46
6015,1234,48
6016,1235,50
6017,1235,52
6018,1235,54
6019,1236,21
6020,1236,23
6021,1236,25
6022,1236,27
6023,1236,29
6024,1236,31
6025,1236,33
6026,1236,35
6027,1236,37
6028,1236,39
6029,1236,41
6030,1236,43
6031,1236,46
6032,1236,48
6033,1237,35
6034,1237,37
6035,1237,39
6036,1238,41
6037,1238,43
6038,1238,46
6039,1238,48
6040,1238,50
6041,1238,52
6042,1238,54
6043,1238,56
6044,1238,58
6045,1239,41
6046,1239,43
6047,1239,46
6048,1239,48
6049,1239,50
6050,1239,52
6051,1239,54
6052,1239,56
6053,1239,58
6054,1240,35
6055,1240,37
6056,1240,39
6057,1241,58
6058,1242,58
6059,1243,25
6060,1243,27
6061,1243,29
6062,1243,31
6063,1243,33
6064,1243,35
6065,1243,37
6066,1243,39
6067,1243,41
6068,1243,43
6069,1244,25
6070,1244,27
6071,1244,29
6072,1244,31
6073,1244,33
6074,1244,35
6075,1244,37
6076,1244,39
6077,1244,41
6078,1244,43
6079,1245,13
6080,1245,15
6081,1245,21
6082,1245,23
6083,1245,25
6084,1245,27
6085,1245,29
6086,1245,31
6087,1245,33
6088,1245,35
6089,1245,37
6090,1245,39
6091,1245,41
6092,1245,43
6093,1245,46
6094,1245,48
6095,1246,50
6096,1246,52
6097,1246,54
6098,1247,13
6099,1247,15
6100,1247,21
6101,1247,23
6102,1247,25
6103,1247,27
6104,1247,29
6105,1247,31
6106,1247,33
6107,1247,35
6108,1247,37
6109,1247,39
6110,1247,41
6111,1247,43
6112,1247,46
6113,1247,48
6114,1248,41
6115,1249,39
6116,1249,43
6117,1249,46
6118,1249,48
6119,1249,50
6120,1249,52
6121,1249,54
6122,1249,56
6123,1249,58
6124,1250,39
6125,1250,43
6126,1250,46
6127,1250,48
6128,1250,50
6129,1250,52
6130,1250,54
6131,1250,56
6132,1250,58
6133,1251,41
6134,1252,58
6135,1253,58
6136,1254,60
6137,1255,60
6138,1256,9
6139,1257,58
6140,1257,60
6141,1258,58
6142,1258,60
6143,1259,58
6144,1259,60
6145,1260,58
6146,1260,60
6147,1261,58
6148,1261,60
6149,1262,58
6150,1262,60
6151,1263,58
6152,1263,60
6153,1264,58
6154,1264,60
6155,1265,58
6156,1265,60
6157,1266,58
6158,1266,60
6159,1267,41
6160,1267,43
6161,1267,46
6162,1267,48
6163,1267,50
6164,1267,52
6165,1267,54
6166,1267,56
6167,1267,58
6168,1268,41
6169,1268,43
6170,1268,46
6171,1268,48
6172,1268,50
6173,1268,52
6174,1268,54
6175,1268,56
6176,1268,58
6177,1269,58
6178,1270,39
6179,1270,41
6180,1270,43
6181,1270,46
6182,1270,48
6183,1270,50
6184,1270,52
6185,1270,54
6186,1270,56
6187,1270,58
6188,1271,39
6189,1271,41
6190,1271,43
6191,1271,46
6192,1271,48
6193,1271,50
6194,1271,52
6195,1271,54
6196,1271,56
6197,1271,58
6198,1272,58
6199,1273,46
6200,1273,48
6201,1273,50
6202,1274,46
6203,1274,48
6204,1274,50
6205,1274,52
6206,1274,54
6207,1274,56
6208,1275,6
6209,1276,6
6210,1277,4
6211,1278,4
6212,1279,4
6213,1280,1
6214,1281,31
6215,1281,33
6216,1281,35
6217,1281,37
6218,1282,2
6219,1282,4
6220,1282,6
6221,1282,8
6222,1282,15
6223,1282,21
6224,1282,23
6225,1282,25
6226,1282,27
6227,1282,29
6228,1282,39
6229,1282,41
6230,1282,43
6231,1282,46
6232,1282,48
6233,1282,50
6234,1282,52
6235,1282,54
6236,1282,56
6237,1283,31
6238,1283,33
6239,1283,35
6240,1283,37
6241,1284,2
6242,1284,6
6243,1284,8
6244,1285,5
6245,1286,5
6246,1287,5
6247,1288,9
6248,1289,1
6249,1289,4
6250,1290,2
6251,1291,2
6252,1292,9
6253,1293,2
6254,1294,31
6255,1294,33
6256,1295,1
6257,1295,2
6258,1295,5
6259,1295,6
6260,1295,8
6261,1295,21
6262,1295,23
6263,1295,25
6264,1295,27
6265,1295,29
6266,1296,31
6267,1296,33
6268,1297,2
6269,1297,4
6270,1297,5
6271,1297,6
6272,1297,8
6273,1298,1
6274,1299,8
6275,1300,8
6276,1301,4
6277,1302,4
6278,1303,4
6279,1304,6
6280,1305,5
6281,1306,1
6282,1307,8
6283,1308,6
6284,1309,4
6285,1310,8
6286,1311,8
6287,1312,8
6288,1313,8
6289,1314,8
6290,1315,8
6291,1316,8
6292,1317,6
6293,1318,1
6294,1319,31
6295,1319,33
6296,1319,35
6297,1319,37
6298,1320,9
6299,1320,13
6300,1320,15
6301,1320,21
6302,1320,23
6303,1320,25
6304,1320,27
6305,1320,29
6306,1320,39
6307,1320,41
6308,1320,43
6309,1320,46
6310,1320,48
6311,1320,50
6312,1320,52
6313,1320,54
6314,1320,56
6315,1320,58
6316,1321,31
6317,1321,33
6318,1321,35
6319,1321,37
6320,1322,43
6321,1322,46
6322,1322,48
6323,1322,50
6324,1323,33
6325,1323,35
6326,1323,37
6327,1324,39
6328,1324,41
6329,1325,33
6330,1325,35
6331,1325,37
6332,1326,5
6333,1326,6
6334,1326,8
6335,1326,9
6336,1327,8
6337,1327,9
6338,1328,23
6339,1328,25
6340,1329,5
6341,1329,6
6342,1329,8
6343,1329,9
6344,1330,5
6345,1330,6
6346,1330,8
6347,1330,9
6348,1331,5
6349,1332,6
6350,1333,31
6351,1333,33
6352,1333,35
6353,1333,37
6354,1333,39
6355,1333,41
6356,1333,43
6357,1334,48
6358,1334,50
6359,1334,52
6360,1334,54
6361,1334,56
6362,1334,58
6363,1334,60
6364,1335,46
6365,1335,48
6366,1335,50
6367,1335,52
6368,1335,54
6369,1335,56
6370,1335,58
6371,1335,60
6372,1336,31
6373,1336,33
6374,1336,35
6375,1336,37
6376,1336,39
6377,1336,41
6378,1336,43
6379,1337,60
6380,1338,8
6381,1339,5
6382,1340,6
6383,1341,6
6384,1342,6
6385,1343,5
6386,1344,5
6387,1345,5
6388,1346,31
6389,1346,33
6390,1346,35
6391,1346,37
6392,1347,9
6393,1347,13
6394,1347,15
6395,1347,21
6396,1347,23
6397,1347,25
6398,1347,27
6399,1347,29
6400,1347,39
6401,1347,41
6402,1347,43
6403,1347,46
6404,1347,48
6405,1347,50
6406,1347,52
6407,1347,54
6408,1347,56
6409,1348,31
6410,1348,33
6411,1348,35
6412,1348,37
6413,1349,6
6414,1350,8
6415,1351,8
6416,1352,31
6417,1352,33
6418,1352,35
6419,1352,37
6420,1353,39
6421,1353,41
6422,1353,43
6423,1353,46
6424,1353,48
6425,1353,50
6426,1353,52
6427,1353,54
6428,1353,56
6429,1353,58
6430,1354,23
6431,1354,25
6432,1354,27
6433,1354,29
6434,1354,39
6435,1354,41
6436,1354,43
6437,1354,46
6438,1354,48
6439,1354,50
6440,1354,52
6441,1354,54
6442,1354,56
6443,1354,58
6444,1355,31
6445,1355,33
6446,1355,35
6447,1355,37
6448,1356,39
6449,1356,41
6450,1356,43
6451,1356,46
6452,1356,48
6453,1356,50
6454,1356,52
6455,1356,54
6456,1356,56
6457,1356,58
6458,1357,31
6459,1357,33
6460,1357,35
6461,1357,37
6462,1357,39
6463,1357,41
6464,1357,43
6465,1358,48
6466,1358,50
6467,1358,52
6468,1358,54
6469,1358,56
6470,1358,58
6471,1358,60
6472,1359,2
6473,1359,5
6474,1359,6
6475,1359,8
6476,1359,9
6477,1359,23
6478,1359,25
6479,1359,27
6480,1359,29
6481,1359,46
6482,1359,48
6483,1359,50
6484,1359,52
6485,1359,54
6486,1359,56
6487,1359,58
6488,1359,60
6489,1360,31
6490,1360,33
6491,1360,35
6492,1360,37
6493,1360,39
6494,1360,41
6495,1360,43
6496,1361,4
6497,1362,4
6498,1363,5
6499,1363,6
6500,1363,8
6501,1363,9
6502,1364,58
6503,1365,8
6504,1366,42
6505,1366,45
6506,1366,47
6507,1366,49
6508,1366,51
6509,1366,53
6510,1366,55
6511,1366,57
6512,1366,59
6513,1367,42
6514,1367,44
6515,1367,45
6516,1367,47
6517,1367,49
6518,1367,51
6519,1367,53
6520,1367,55
6521,1367,57
6522,1367,59
6523,1368,42
6524,1368,49
6525,1368,51
6526,1368,53
6527,1368,55
6528,1368,57
6529,1368,59
6530,1369,42
6531,1369,49
6532,1369,51
6533,1369,53
6534,1369,55
6535,1369,57
6536,1369,59
6537,1370,59
6538,1371,42
6539,1372,42
6540,1373,42
6541,1373,44
6542,1373,45
6543,1373,47
6544,1373,49
6545,1373,51
6546,1373,53
6547,1373,55
6548,1373,57
6549,1373,59
6550,1374,42
6551,1374,44
6552,1374,45
6553,1374,47
6554,1374,49
6555,1374,51
6556,1374,53
6557,1374,55
6558,1374,57
6559,1374,59
6560,1375,42
6561,1375,44
6562,1375,45
6563,1375,47
6564,1375,49
6565,1375,51
6566,1375,53
6567,1375,55
6568,1375,57
6569,1375,59
6570,1376,42
6571,1376,45
6572,1376,47
6573,1376,49
6574,1376,51
6575,1376,53
6576,1376,55
6577,1376,57
6578,1376,59
6579,1377,58
6580,1377,60
6581,1378,58
6582,1378,60
6583,1379,58
6584,1379,60
6585,1380,58
6586,1380,60
6587,1381,49
6588,1381,51
6589,1381,53
6590,1381,55
6591,1381,57
6592,1381,59
6593,1382,12
6594,1382,22
6595,1382,49
6596,1382,51
6597,1382,53
6598,1382,55
6599,1382,57
6600,1382,59
6601,1383,16
6602,1384,10
6603,1384,14
6604,1385,10
6605,1385,12
6606,1385,14
6607,1385,16
6608,1385,22
6609,1385,24
6610,1385,26
6611,1385,28
6612,1385,30
6613,1385,32
6614,1385,34
6615,1385,36
6616,1385,38
6617,1385,40
6618,1385,42
6619,1385,44
6620,1385,45
6621,1385,47
6622,1385,49
6623,1385,51
6624,1385,53
6625,1385,55
6626,1385,57
6627,1385,59
6628,1386,42
6629,1386,44
6630,1386,45
6631,1386,47
6632,1386,49
6633,1386,51
6634,1386,53
6635,1386,55
6636,1386,57
6637,1386,59
6638,1387,55
6639,1387,57
6640,1387,59
6641,1388,10
6642,1388,12
6643,1388,14
6644,1388,16
6645,1388,22
6646,1388,24
6647,1388,26
6648,1388,28
6649,1388,30
6650,1388,32
6651,1388,34
6652,1388,36
6653,1388,38
6654,1388,40
6655,1388,42
6656,1388,44
6657,1388,45
6658,1388,47
6659,1388,49
6660,1388,51
6661,1388,53
6662,1388,55
6663,1388,57
6664,1388,59
6665,1389,59
6666,1390,57
6667,1390,59
6668,1391,57
6669,1391,59
6670,1392,51
6671,1392,53
6672,1392,55
6673,1393,51
6674,1393,53
6675,1393,55
6676,1394,51
6677,1394,53
6678,1394,55
6679,1394,57
6680,1394,59
6681,1395,51
6682,1395,53
6683,1395,55
6684,1395,57
6685,1395,59
6686,1396,47
6687,1396,57
6688,1397,47
6689,1398,47
6690,1398,49
6691,1398,51
6692,1398,53
6693,1398,55
6694,1398,57
6695,1398,59
6696,1399,47
6697,1399,49
6698,1399,51
6699,1399,53
6700,1399,55
6701,1399,57
6702,1399,59
6703,1400,49
6704,1400,51
6705,1400,53
6706,1400,55
6707,1400,57
6708,1400,59
6709,1401,49
6710,1401,51
6711,1401,53
6712,1401,55
6713,1401,57
6714,1401,59
6715,1402,55
6716,1403,55
6717,1404,55
6718,1404,57
6719,1404,59
6720,1405,55
6721,1405,57
6722,1405,59
6723,1406,57
6724,1407,59
6725,1408,46
6726,1408,48
6727,1408,50
6728,1408,52
6729,1408,58
6730,1409,28
6731,1409,30
6732,1409,32
6733,1409,34
6734,1409,36
6735,1409,38
6736,1409,40
6737,1409,42
6738,1409,44
6739,1409,45
6740,1409,47
6741,1409,49
6742,1409,51
6743,1409,53
6744,1409,55
6745,1409,57
6746,1409,59
6747,1410,36
6748,1410,38
6749,1410,40
6750,1410,42
6751,1410,44
6752,1410,45
6753,1410,47
6754,1410,49
6755,1410,51
6756,1410,53
6757,1410,55
6758,1410,57
6759,1410,59
6760,1411,28
6761,1411,30
6762,1411,32
6763,1411,34
6764,1411,36
6765,1411,38
6766,1411,40
6767,1411,42
6768,1411,44
6769,1411,45
6770,1411,47
6771,1411,49
6772,1411,51
6773,1411,53
6774,1411,55
6775,1411,57
6776,1411,59
6777,1412,10
6778,1412,12
6779,1412,14
6780,1412,16
6781,1412,22
6782,1412,24
6783,1412,26
6784,1412,28
6785,1412,30
6786,1412,32
6787,1412,34
6788,1412,36
6789,1412,38
6790,1412,40
6791,1412,42
6792,1412,44
6793,1412,45
6794,1412,47
6795,1412,49
6796,1412,51
6797,1412,53
6798,1412,55
6799,1412,57
6800,1412,59
6801,1413,10
6802,1413,12
6803,1413,14
6804,1413,16
6805,1413,22
6806,1413,24
6807,1413,26
6808,1413,28
6809,1413,30
6810,1413,32
6811,1413,34
6812,1413,36
6813,1413,38
6814,1413,40
6815,1413,42
6816,1413,44
6817,1413,45
6818,1413,47
6819,1413,49
6820,1413,51
6821,1413,53
6822,1413,55
6823,1413,57
6824,1413,59
6825,1414,28
6826,1414,30
6827,1414,32
6828,1414,34
6829,1414,36
6830,1414,38
6831,1414,40
6832,1414,42
6833,1414,44
6834,1414,45
6835,1414,47
6836,1414,49
6837,1414,51
6838,1414,53
6839,1414,55
6840,1414,57
6841,1414,59
6842,1415,55
6843,1415,57
6844,1416,42
6845,1416,44
6846,1416,45
6847,1416,47
6848,1416,49
6849,1416,51
6850,1416,53
6851,1416,55
6852,1416,57
6853,1416,59
6854,1417,10
6855,1417,12
6856,1417,14
6857,1417,16
6858,1417,22
6859,1417,24
6860,1417,26
6861,1417,28
6862,1417,30
6863,1417,32
6864,1417,34
6865,1417,36
6866,1417,38
6867,1417,40
6868,1417,42
6869,1417,44
6870,1417,45
6871,1417,47
6872,1417,49
6873,1417,51
6874,1417,53
6875,1417,55
6876,1417,57
6877,1417,59
6878,1418,28
6879,1418,30
6880,1418,32
6881,1418,34
6882,1418,36
6883,1418,38
6884,1418,40
6885,1418,42
6886,1418,44
6887,1418,45
6888,1418,47
6889,1418,49
6890,1418,51
6891,1418,53
6892,1418,55
6893,1418,57
6894,1418,59
6895,1419,10
6896,1419,12
6897,1419,14
6898,1419,16
6899,1419,22
6900,1419,24
6901,1419,26
6902,1419,28
6903,1419,30
6904,1419,32
6905,1419,34
6906,1419,36
6907,1419,38
6908,1419,40
6909,1419,42
6910,1419,44
6911,1419,45
6912,1419,47
6913,1419,49
6914,1419,51
6915,1419,53
6916,1419,55
6917,1419,57
6918,1419,59
6919,1420,10
6920,1421,10
6921,1422,57
6922,1422,59
6923,1423,57
6924,1423,59
6925,1424,51
6926,1424,53
6927,1424,55
6928,1424,57
6929,1424,59
6930,1425,51
6931,1425,53
6932,1425,55
6933,1425,57
6934,1425,59
6935,1426,44
6936,1427,60
6937,1428,60
6938,1429,58
6939,1430,58
6940,1431,60
6941,1432,60
6942,1433,58
6943,1433,60
6944,1434,58
6945,1434,60
6946,1435,58
6947,1436,58
6948,1437,2
6949,1438,1
6950,1439,58
6951,1440,5
6952,1440,6
6953,1440,8
6954,1440,9
6955,1440,11
6956,1440,13
6957,1440,15
6958,1440,21
6959,1440,23
6960,1440,25
6961,1440,27
6962,1440,29
6963,1440,31
6964,1440,33
6965,1440,35
6966,1440,37
6967,1440,39
6968,1440,41
6969,1440,43
6970,1440,46
6971,1440,48
6972,1440,50
6973,1440,52
6974,1440,54
6975,1440,56
6976,1440,58
6977,1441,3
6978,1442,3
6979,1443,9
6980,1443,11
6981,1443,13
6982,1443,15
6983,1443,21
6984,1443,23
6985,1443,25
6986,1443,27
6987,1443,29
6988,1443,31
6989,1443,33
6990,1443,35
6991,1443,37
6992,1443,39
6993,1443,41
6994,1443,43
6995,1443,46
6996,1443,48
6997,1443,50
6998,1443,52
6999,1443,54
7000,1443,56
7001,1443,58
7002,1444,5
7003,1444,6
7004,1444,8
7005,1444,9
7006,1444,11
7007,1444,13
7008,1444,15
7009,1444,21
7010,1444,23
7011,1444,25
7012,1444,27
7013,1444,31
7014,1444,33
7015,1444,35
7016,1444,37
7017,1444,39
7018,1444,41
7019,1444,43
7020,1444,46
7021,1444,48
7022,1444,50
7023,1444,52
7024,1444,54
7025,1444,56
7026,1444,58
7027,1445,31
7028,1445,33
7029,1445,35
7030,1445,37
7031,1445,39
7032,1445,41
7033,1445,43
7034,1445,46
7035,1445,48
7036,1445,50
7037,1445,52
7038,1445,54
7039,1445,56
7040,1445,58
7041,1446,31
7042,1446,33
7043,1446,35
7044,1446,37
7045,1446,39
7046,1446,41
7047,1446,43
7048,1446,46
7049,1446,48
7050,1446,50
7051,1446,52
7052,1446,54
7053,1446,56
7054,1446,58
7055,1447,25
7056,1447,27
7057,1447,29
7058,1447,31
7059,1447,33
7060,1447,35
7061,1447,37
7062,1447,39
7063,1447,41
7064,1447,43
7065,1447,46
7066,1447,48
7067,1447,50
7068,1447,52
7069,1447,54
7070,1447,56
7071,1447,58
7072,1448,31
7073,1448,33
7074,1448,35
7075,1448,37
7076,1448,39
7077,1448,41
7078,1448,43
7079,1448,46
7080,1448,48
7081,1448,50
7082,1448,52
7083,1448,54
7084,1448,56
7085,1448,58
7086,1449,6
7087,1449,8
7088,1449,9
7089,1449,11
7090,1449,13
7091,1449,15
7092,1449,21
7093,1449,23
7094,1449,25
7095,1449,27
7096,1449,29
7097,1449,31
7098,1449,33
7099,1449,35
7100,1449,37
7101,1449,39
7102,1449,41
7103,1449,43
7104,1449,46
7105,1449,48
7106,1449,50
7107,1449,52
7108,1449,54
7109,1449,56
7110,1449,58
7111,1450,1
7112,1450,4
7113,1450,5
7114,1450,6
7115,1450,8
7116,1450,9
7117,1450,11
7118,1450,13
7119,1450,15
7120,1450,21
7121,1450,23
7122,1450,25
7123,1450,27
7124,1450,29
7125,1450,31
7126,1450,33
7127,1450,35
7128,1450,37
7129,1450,39
7130,1450,41
7131,1450,43
7132,1450,46
7133,1450,48
7134,1450,50
7135,1450,52
7136,1450,54
7137,1450,56
7138,1450,58
7139,1451,1
7140,1452,3
7141,1453,3
7142,1454,3
7143,1455,3
7144,1456,3
7145,1457,58
7146,1457,60
7147,1458,58
7148,1458,60
7149,1459,58
7150,1459,60
7151,1460,58
7152,1460,60
7153,1461,58
7154,1461,60
7155,1462,58
7156,1462,60
7157,1463,58
7158,1463,60
7159,1464,58
7160,1464,60
7161,1465,58
7162,1465,60
7163,1466,58
7164,1466,60
7165,1467,31
7166,1467,33
7167,1467,35
7168,1467,37
7169,1467,39
7170,1467,41
7171,1467,43
7172,1467,46
7173,1467,48
7174,1467,50
7175,1467,52
7176,1467,54
7177,1467,56
7178,1467,58
7179,1468,2
7180,1468,29
7181,1468,31
7182,1468,33
7183,1468,35
7184,1468,37
7185,1468,39
7186,1468,41
7187,1468,43
7188,1468,46
7189,1468,48
7190,1468,50
7191,1468,52
7192,1468,54
7193,1468,56
7194,1468,58
7195,1469,9
7196,1469,11
7197,1469,13
7198,1469,15
7199,1469,21
7200,1469,23
7201,1469,25
7202,1469,27
7203,1469,29
7204,1469,31
7205,1469,33
7206,1469,35
7207,1469,37
7208,1469,39
7209,1469,41
7210,1469,43
7211,1469,46
7212,1469,48
7213,1469,50
7214,1469,52
7215,1469,54
7216,1469,56
7217,1469,58
7218,1470,5
7219,1470,6
7220,1470,8
7221,1470,9
7222,1470,11
7223,1470,13
7224,1470,15
7225,1470,21
7226,1470,23
7227,1470,25
7228,1470,27
7229,1470,29
7230,1470,31
7231,1470,33
7232,1470,35
7233,1470,37
7234,1470,39
7235,1470,41
7236,1470,43
7237,1470,46
7238,1470,48
7239,1470,50
7240,1470,52
7241,1470,54
7242,1470,56
7243,1470,58
7244,1471,31
7245,1471,33
7246,1471,35
7247,1471,37
7248,1471,39
7249,1471,41
7250,1471,43
7251,1471,46
7252,1471,48
7253,1471,50
7254,1471,52
7255,1471,54
7256,1471,56
7257,1471,58
7258,1472,25
7259,1472,27
7260,1472,29
7261,1472,31
7262,1472,33
7263,1472,35
7264,1472,37
7265,1472,39
7266,1472,41
7267,1472,43
7268,1472,46
7269,1472,48
7270,1472,50
7271,1472,52
7272,1472,54
7273,1472,56
7274,1472,58
7275,1473,31
7276,1473,33
7277,1473,35
7278,1473,37
7279,1473,39
7280,1473,41
7281,1473,43
7282,1473,46
7283,1473,48
7284,1473,50
7285,1473,52
7286,1473,54
7287,1473,56
7288,1473,58
7289,1474,2
7290,1474,31
7291,1474,33
7292,1474,35
7293,1474,37
7294,1474,39
7295,1474,41
7296,1474,43
7297,1474,46
7298,1474,48
7299,1474,50
7300,1474,52
7301,1474,54
7302,1474,56
7303,1474,58
7304,1475,31
7305,1475,33
7306,1475,39
7307,1475,41
7308,1475,43
7309,1475,46
7310,1475,48
7311,1475,50
7312,1475,52
7313,1475,54
7314,1475,56
7315,1475,58
7316,1476,31
7317,1476,33
7318,1476,39
7319,1476,41
7320,1476,43
7321,1476,46
7322,1476,48
7323,1476,50
7324,1476,52
7325,1476,54
7326,1476,56
7327,1476,58
7328,1477,2
7329,1478,2
7330,1479,58
7331,1479,60
7332,1480,58
7333,1480,60
7334,1481,58
7335,1481,60
7336,1482,58
7337,1482,60
7338,1483,58
7339,1483,60
7340,1484,58
7341,1484,60
7342,1485,58
7343,1485,60
7344,1486,58
7345,1486,60
7346,1487,58
7347,1487,60
7348,1488,58
7349,1488,60
7350,1489,3
7351,1490,3
7352,1491,3
7353,1492,8
7354,1493,2
7355,1494,6
7356,1494,8
7357,1494,9
7358,1494,11
7359,1494,13
7360,1494,15
7361,1494,21
7362,1494,23
7363,1494,25
7364,1494,27
7365,1494,29
7366,1494,31
7367,1494,33
7368,1494,35
7369,1494,37
7370,1494,39
7371,1494,41
7372,1494,43
7373,1494,46
7374,1494,48
7375,1494,50
7376,1494,52
7377,1494,54
7378,1494,56
7379,1494,58
7380,1495,29
7381,1495,31
7382,1495,33
7383,1495,39
7384,1495,41
7385,1495,43
7386,1495,46
7387,1495,48
7388,1495,50
7389,1495,52
7390,1495,54
7391,1495,56
7392,1495,58
7393,1496,27
7394,1496,29
7395,1496,31
7396,1496,33
7397,1496,35
7398,1496,37
7399,1496,39
7400,1496,41
7401,1496,43
7402,1496,46
7403,1496,48
7404,1496,50
7405,1496,52
7406,1496,54
7407,1496,56
7408,1496,58
7409,1497,27
7410,1497,29
7411,1497,31
7412,1497,33
7413,1497,35
7414,1497,37
7415,1497,39
7416,1497,41
7417,1497,43
7418,1497,46
7419,1497,48
7420,1497,50
7421,1497,52
7422,1497,54
7423,1497,56
7424,1497,58
7425,1498,58
7426,1499,46
7427,1499,48
7428,1499,50
7429,1499,52
7430,1499,54
7431,1499,56
7432,1499,58
7433,1500,5
7434,1500,6
7435,1500,8
7436,1500,9
7437,1500,11
7438,1500,13
7439,1500,15
7440,1500,21
7441,1500,23
7442,1500,25
7443,1500,27
7444,1500,29
7445,1500,31
7446,1500,33
7447,1500,35
7448,1500,37
7449,1500,39
7450,1500,41
7451,1500,43
7452,1500,46
7453,1500,48
7454,1500,50
7455,1500,52
7456,1500,54
7457,1500,56
7458,1500,58
7459,1502,3
7460,1503,6
7461,1503,8
7462,1503,9
7463,1503,11
7464,1503,13
7465,1503,15
7466,1503,21
7467,1503,23
7468,1503,25
7469,1503,27
7470,1503,29
7471,1503,31
7472,1503,33
7473,1503,35
7474,1503,37
7475,1503,39
7476,1503,41
7477,1503,43
7478,1503,46
7479,1503,48
7480,1503,50
7481,1503,52
7482,1503,54
7483,1503,56
7484,1504,29
7485,1504,31
7486,1504,33
7487,1504,39
7488,1504,41
7489,1504,43
7490,1504,46
7491,1504,48
7492,1504,50
7493,1504,52
7494,1504,54
7495,1504,56
7496,1505,27
7497,1505,29
7498,1505,31
7499,1505,33
7500,1505,35
7501,1505,37
7502,1505,39
7503,1505,41
7504,1505,43
7505,1505,46
7506,1505,48
7507,1505,50
7508,1505,52
7509,1505,54
7510,1505,56
7511,1506,27
7512,1506,29
7513,1506,31
7514,1506,33
7515,1506,35
7516,1506,37
7517,1506,39
7518,1506,41
7519,1506,43
7520,1506,46
7521,1506,48
7522,1506,50
7523,1506,52
7524,1506,54
7525,1506,56
7526,1507,60
7527,1508,60
7528,1509,58
7529,1510,58
7530,1511,60
7531,1512,60
7532,1513,60
7533,1514,58
7534,1515,58
7535,1516,58
7536,1517,46
7537,1517,48
7538,1517,50
7539,1517,52
7540,1517,54
7541,1517,56
7542,1518,5
7543,1518,6
7544,1518,8
7545,1518,9
7546,1518,11
7547,1518,13
7548,1518,15
7549,1518,21
7550,1518,23
7551,1518,25
7552,1518,27
7553,1518,29
7554,1518,31
7555,1518,33
7556,1518,35
7557,1518,37
7558,1518,39
7559,1518,41
7560,1518,43
7561,1518,46
7562,1518,48
7563,1518,50
7564,1518,52
7565,1518,54
7566,1518,56
7567,1519,60
7568,1520,60
7569,1521,58
7570,1522,58
7571,1523,4
7572,1524,3
7573,1525,6
7574,1525,8
7575,1526,9
7576,1526,11
7577,1526,13
7578,1526,15
7579,1526,21
7580,1526,23
7581,1526,25
7582,1526,27
7583,1526,29
7584,1526,31
7585,1526,33
7586,1526,35
7587,1526,37
7588,1526,39
7589,1526,41
7590,1526,43
7591,1526,46
7592,1526,48
7593,1526,50
7594,1526,52
7595,1526,54
7596,1526,56
7597,1526,58
7598,1527,4
7599,1527,5
7600,1527,6
7601,1527,8
7602,1527,9
7603,1527,11
7604,1527,13
7605,1527,15
7606,1527,21
7607,1527,23
7608,1527,25
7609,1527,27
7610,1527,29
7611,1527,31
7612,1527,33
7613,1527,35
7614,1527,37
7615,1527,39
7616,1527,41
7617,1527,43
7618,1527,46
7619,1527,48
7620,1527,50
7621,1527,52
7622,1527,54
7623,1527,56
7624,1527,58
7625,1528,29
7626,1528,31
7627,1528,33
7628,1528,35
7629,1528,37
7630,1528,39
7631,1528,41
7632,1528,43
7633,1528,46
7634,1528,48
7635,1528,50
7636,1528,52
7637,1528,54
7638,1528,56
7639,1528,58
7640,1529,29
7641,1529,31
7642,1529,33
7643,1529,35
7644,1529,37
7645,1529,39
7646,1529,41
7647,1529,43
7648,1529,46
7649,1529,48
7650,1529,50
7651,1529,52
7652,1529,54
7653,1529,56
7654,1529,58
7655,1530,58
7656,1530,60
7657,1531,58
7658,1531,60
7659,1532,58
7660,1532,60
7661,1533,58
7662,1533,60
7663,1534,3
7664,1535,3
7665,1536,3
7666,1537,3
7667,1538,3
7668,1539,41
7669,1539,43
7670,1539,46
7671,1539,48
7672,1539,50
7673,1539,52
7674,1539,54
7675,1539,56
7676,1539,58
7677,1540,41
7678,1540,43
7679,1540,46
7680,1540,48
7681,1540,50
7682,1540,52
7683,1540,54
7684,1540,56
7685,1540,58
7686,1541,3
7687,1542,3
7688,1543,1
7689,1544,58
7690,1544,60
7691,1545,58
7692,1545,60
7693,1546,31
7694,1546,33
7695,1546,35
7696,1546,37
7697,1546,39
7698,1546,41
7699,1546,43
7700,1546,46
7701,1546,48
7702,1546,50
7703,1546,52
7704,1546,54
7705,1546,56
7706,1546,58
7707,1547,58
7708,1548,58
7709,1548,60
7710,1549,58
7711,1549,60
7712,1550,3
7713,1551,3
7714,1552,3
7715,1553,1
7716,1554,6
7717,1555,3
7718,1556,3
7719,1557,3
7720,1557,4
7721,1558,3
7722,1559,3
7723,1560,3
7724,1561,60
7725,1562,1
7726,1563,3
7727,1564,2
7728,1565,8
7729,1566,2
7730,1566,3
7731,1566,5
7732,1566,6
7733,1566,8
7734,1566,9
7735,1566,11
7736,1566,15
7737,1566,21
7738,1566,23
7739,1566,25
7740,1566,27
7741,1566,29
7742,1567,41
7743,1567,43
7744,1567,46
7745,1567,48
7746,1567,50
7747,1568,41
7748,1568,43
7749,1568,46
7750,1568,48
7751,1568,50
7752,1569,58
7753,1569,60
7754,1570,58
7755,1571,41
7756,1571,43
7757,1571,46
7758,1571,48
7759,1571,50
7760,1571,52
7761,1571,54
7762,1571,56
7763,1571,58
7764,1571,60
7765,1572,41
7766,1572,43
7767,1572,46
7768,1572,48
7769,1572,50
7770,1572,52
7771,1572,54
7772,1572,56
7773,1572,58
7774,1572,60
7775,1573,52
7776,1573,54
7777,1573,56
7778,1573,58
7779,1573,60
7780,1574,52
7781,1574,54
7782,1574,56
7783,1574,58
7784,1574,60
7785,1575,58
7786,1575,60
7787,1576,58
7788,1576,60
7789,1577,58
7790,1577,60
7791,1578,58
7792,1578,60
7793,1579,58
7794,1579,60
7795,1580,58
7796,1580,60
7797,1581,43
7798,1582,48
7799,1582,50
7800,1582,52
7801,1582,54
7802,1582,56
7803,1582,58
7804,1583,48
7805,1583,50
7806,1583,52
7807,1583,54
7808,1583,56
7809,1583,58
7810,1584,41
7811,1584,43
7812,1585,48
7813,1585,50
7814,1585,52
7815,1585,54
7816,1585,56
7817,1585,58
7818,1586,48
7819,1586,50
7820,1586,52
7821,1586,54
7822,1586,56
7823,1586,58
7824,1587,43
7825,1587,48
7826,1587,50
7827,1587,52
7828,1587,54
7829,1587,56
7830,1587,58
7831,1588,48
7832,1588,50
7833,1588,52
7834,1588,54
7835,1588,56
7836,1588,58
7837,1589,41
7838,1589,43
7839,1590,43
7840,1591,43
7841,1591,48
7842,1591,50
7843,1591,52
7844,1591,54
7845,1591,56
7846,1591,58
7847,1592,48
7848,1592,50
7849,1592,52
7850,1592,54
7851,1592,56
7852,1592,58
7853,1593,1
7854,1594,1
7855,1595,1
7856,1596,8
7857,1596,9
7858,1596,41
7859,1596,43
7860,1596,46
7861,1596,48
7862,1596,50
7863,1596,52
7864,1596,54
7865,1596,56
7866,1596,58
7867,1596,60
7868,1597,1
7869,1597,2
7870,1597,3
7871,1597,4
7872,1597,5
7873,1597,6
7874,1597,8
7875,1597,9
7876,1597,41
7877,1597,43
7878,1597,46
7879,1597,48
7880,1597,50
7881,1597,52
7882,1597,54
7883,1597,56
7884,1597,58
7885,1597,60
7886,1598,2
7887,1598,4
7888,1598,6
7889,1598,8
7890,1598,9
7891,1598,54
7892,1598,56
7893,1598,58
7894,1598,60
7895,1599,5
7896,1599,6
7897,1600,6
7898,1601,2
7899,1602,2
7900,1603,58
7901,1604,58
7902,1605,58
7903,1607,2
7904,1608,1
7905,1608,3
7906,1609,3
7907,1610,1
7908,1611,2
7909,1612,1
7910,1613,2
7911,1613,4
7912,1613,5
7913,1613,6
7914,1613,8
7915,1613,9
7916,1613,39
7917,1613,41
7918,1613,43
7919,1613,46
7920,1613,48
7921,1613,50
7922,1613,52
7923,1613,54
7924,1613,56
7925,1613,58
7926,1613,60
7927,1614,1
7928,1614,2
7929,1614,3
7930,1614,4
7931,1614,5
7932,1614,6
7933,1614,8
7934,1614,9
7935,1614,39
7936,1614,41
7937,1614,43
7938,1614,46
7939,1614,48
7940,1614,50
7941,1614,52
7942,1614,54
7943,1614,56
7944,1614,58
7945,1614,60
7946,1615,5
7947,1615,6
7948,1616,5
7949,1616,6
7950,1617,2
7951,1618,2
7952,1619,1
7953,1620,1
7954,1621,48
7955,1621,50
7956,1621,52
7957,1621,54
7958,1621,56
7959,1621,58
7960,1621,60
7961,1622,48
7962,1622,50
7963,1622,52
7964,1622,54
7965,1622,56
7966,1622,58
7967,1622,60
7968,1623,48
7969,1624,58
7970,1624,60
7971,1625,58
7972,1625,60
7973,1626,48
7974,1626,50
7975,1626,52
7976,1626,54
7977,1626,56
7978,1626,58
7979,1627,48
7980,1627,50
7981,1627,52
7982,1627,54
7983,1627,56
7984,1627,58
7985,1628,58
7986,1628,60
7987,1629,58
7988,1630,3
7989,1631,3
7990,1634,3
7991,1634,5
7992,1635,5
7993,1637,3
7994,1639,2
7995,1640,2
7996,1640,3
7997,1640,4
7998,1640,5
7999,1640,6
8000,1640,8
8001,1642,3
8002,1643,60
8003,1644,60
8004,1645,58
8005,1646,58
8006,1647,29
8007,1647,31
8008,1647,33
8009,1647,35
8010,1647,37
8011,1647,39
8012,1647,41
8013,1647,43
8014,1647,46
8015,1647,48
8016,1647,50
8017,1647,52
8018,1647,54
8019,1647,56
8020,1647,58
8021,1648,29
8022,1648,31
8023,1648,33
8024,1648,35
8025,1648,37
8026,1648,39
8027,1648,41
8028,1648,43
8029,1648,46
8030,1648,48
8031,1648,50
8032,1648,52
8033,1648,54
8034,1648,56
8035,1648,58
8036,1649,2
8037,1650,6
8038,1650,11
8039,1650,15
8040,1650,23
8041,1651,3
8042,1652,11
8043,1652,23
8044,1653,6
8045,1653,11
8046,1653,23
8047,1654,2
8048,1655,15
8049,1655,21
8050,1655,23
8051,1656,2
8052,1657,2
8053,1658,2
8054,1659,3
8055,1660,2
8056,1661,11
8057,1661,15
8058,1661,21
8059,1661,23
8060,1661,25
8061,1662,6
8062,1662,9
8063,1662,13
8064,1662,23
8065,1663,60
8066,1664,60
8067,1665,3
8068,1666,58
8069,1667,58
8070,1668,8
8071,1668,48
8072,1668,50
8073,1668,52
8074,1668,54
8075,1668,56
8076,1668,58
8077,1669,2
8078,1669,3
8079,1669,5
8080,1669,6
8081,1669,8
8082,1669,9
8083,1669,11
8084,1669,13
8085,1669,15
8086,1669,21
8087,1669,23
8088,1669,25
8089,1669,27
8090,1669,29
8091,1669,31
8092,1669,33
8093,1669,35
8094,1669,37
8095,1669,39
8096,1669,41
8097,1669,43
8098,1669,46
8099,1669,48
8100,1669,50
8101,1669,52
8102,1669,54
8103,1669,56
8104,1669,58
8105,1670,60
8106,1671,58
8107,1672,25
8108,1673,58
8109,1673,60
8110,1674,58
8111,1675,58
8112,1675,60
8113,1676,58
8114,1676,60
8115,1677,58
8116,1678,58
8117,1679,60
8118,1680,58
8119,1680,60
8120,1681,58
8121,1682,60
8122,1683,58
8123,1684,58
8124,1685,60
8125,1686,58
8126,1687,3
8127,1688,21
8128,1688,23
8129,1688,25
8130,1688,27
8131,1688,29
8132,1688,31
8133,1688,33
8134,1688,35
8135,1688,37
8136,1688,39
8137,1688,41
8138,1688,43
8139,1688,46
8140,1688,48
8141,1688,50
8142,1688,52
8143,1688,54
8144,1688,56
8145,1689,48
8146,1689,50
8147,1689,52
8148,1689,54
8149,1689,56
8150,1689,58
8151,1690,8
8152,1690,9
8153,1690,11
8154,1690,13
8155,1690,15
8156,1690,21
8157,1690,23
8158,1690,25
8159,1690,27
8160,1690,29
8161,1690,31
8162,1690,33
8163,1690,35
8164,1690,37
8165,1690,39
8166,1690,41
8167,1690,43
8168,1690,46
8169,1690,48
8170,1690,50
8171,1690,52
8172,1690,54
8173,1690,56
8174,1690,58
8175,1691,48
8176,1691,50
8177,1691,52
8178,1691,54
8179,1691,56
8180,1691,58
8181,1692,33
8182,1692,35
8183,1692,37
8184,1692,39
8185,1692,41
8186,1692,43
8187,1692,46
8188,1693,48
8189,1693,50
8190,1693,52
8191,1693,54
8192,1693,56
8193,1693,58
8194,1694,8
8195,1694,9
8196,1694,11
8197,1694,13
8198,1694,15
8199,1694,21
8200,1694,23
8201,1694,25
8202,1694,27
8203,1694,29
8204,1694,31
8205,1694,33
8206,1694,35
8207,1694,48
8208,1694,50
8209,1694,52
8210,1694,54
8211,1694,56
8212,1694,58
8213,1696,37
8214,1696,39
8215,1696,41
8216,1696,43
8217,1696,46
8218,1697,37
8219,1697,39
8220,1697,41
8221,1697,43
8222,1697,46
8223,1699,48
8224,1699,50
8225,1699,52
8226,1699,54
8227,1699,56
8228,1699,58
8229,1700,8
8230,1700,9
8231,1700,11
8232,1700,13
8233,1700,15
8234,1700,21
8235,1700,23
8236,1700,25
8237,1700,27
8238,1700,29
8239,1700,31
8240,1700,33
8241,1700,35
8242,1700,37
8243,1700,39
8244,1700,41
8245,1700,43
8246,1700,46
8247,1700,48
8248,1700,50
8249,1700,52
8250,1700,54
8251,1700,56
8252,1700,58
8253,1701,8
8254,1702,48
8255,1702,50
8256,1702,52
8257,1702,54
8258,1702,56
8259,1702,58
8260,1703,8
8261,1703,9
8262,1703,11
8263,1703,13
8264,1703,15
8265,1703,21
8266,1703,23
8267,1703,25
8268,1703,27
8269,1703,29
8270,1703,31
8271,1703,33
8272,1703,35
8273,1703,37
8274,1703,39
8275,1703,41
8276,1703,43
8277,1703,46
8278,1703,48
8279,1703,50
8280,1703,52
8281,1703,54
8282,1703,56
8283,1703,58
8284,1705,23
8285,1705,25
8286,1705,27
8287,1705,29
8288,1705,31
8289,1705,33
8290,1705,35
8291,1705,37
8292,1705,39
8293,1705,41
8294,1705,43
8295,1705,46
8296,1705,48
8297,1705,50
8298,1705,52
8299,1705,54
8300,1705,56
8301,1705,58
8302,1706,48
8303,1706,50
8304,1706,52
8305,1706,54
8306,1706,56
8307,1706,58
8308,1707,8
8309,1707,9
8310,1707,11
8311,1707,13
8312,1707,15
8313,1707,21
8314,1707,23
8315,1707,25
8316,1707,27
8317,1707,29
8318,1707,31
8319,1707,33
8320,1707,35
8321,1707,37
8322,1707,39
8323,1707,41
8324,1707,43
8325,1707,46
8326,1707,48
8327,1707,50
8328,1707,52
8329,1707,54
8330,1707,56
8331,1707,58
8332,1711,48
8333,1711,50
8334,1711,52
8335,1711,54
8336,1711,56
8337,1711,58
8338,1712,33
8339,1712,35
8340,1712,37
8341,1712,39
8342,1712,41
8343,1712,43
8344,1712,46
8345,1712,48
8346,1712,50
8347,1712,52
8348,1712,54
8349,1712,56
8350,1712,58
8351,1714,1
8352,1714,4
8353,1715,1
8354,1715,3
8355,1715,4
8356,1716,22
8357,1718,3
8358,1719,4
8359,1720,3
8360,1720,5
8361,1720,9
8362,1720,11
8363,1720,13
8364,1720,15
8365,1720,21
8366,1720,23
8367,1720,25
8368,1720,27
8369,1720,29
8370,1720,31
8371,1720,33
8372,1720,35
8373,1720,37
8374,1720,39
8375,1720,41
8376,1720,43
8377,1720,46
8378,1720,48
8379,1721,9
8380,1721,11
8381,1721,13
8382,1721,15
8383,1721,21
8384,1721,23
8385,1721,25
8386,1721,27
8387,1721,29
8388,1721,31
8389,1721,33
8390,1721,35
8391,1721,37
8392,1721,39
8393,1721,41
8394,1721,43
8395,1721,46
8396,1721,48
8397,1722,6
8398,1723,3
8399,1724,56
8400,1724,58
8401,1725,3
8402,1725,5
8403,1725,8
8404,1725,9
8405,1725,11
8406,1725,13
8407,1725,15
8408,1725,21
8409,1725,23
8410,1725,25
8411,1725,27
8412,1725,29
8413,1725,31
8414,1725,33
8415,1725,35
8416,1725,37
8417,1725,39
8418,1725,41
8419,1725,43
8420,1725,46
8421,1725,48
8422,1725,50
8423,1725,52
8424,1725,54
8425,1725,56
8426,1725,58
8427,1726,6
8428,1726,8
8429,1726,9
8430,1726,11
8431,1726,13
8432,1726,15
8433,1726,21
8434,1726,23
8435,1726,25
8436,1726,27
8437,1726,29
8438,1726,31
8439,1726,33
8440,1726,35
8441,1726,37
8442,1726,39
8443,1726,41
8444,1726,43
8445,1726,46
8446,1726,48
8447,1726,50
8448,1726,52
8449,1726,54
8450,1726,56
8451,1726,58
8452,1727,50
8453,1727,52
8454,1727,54
8455,1727,56
8456,1727,58
8457,1728,3
8458,1728,21
8459,1728,23
8460,1728,25
8461,1728,27
8462,1728,29
8463,1728,31
8464,1728,33
8465,1728,35
8466,1728,37
8467,1728,39
8468,1728,41
8469,1728,43
8470,1728,46
8471,1729,21
8472,1729,23
8473,1729,25
8474,1729,27
8475,1729,29
8476,1729,31
8477,1729,33
8478,1729,35
8479,1729,37
8480,1729,39
8481,1729,41
8482,1729,43
8483,1729,46
8484,1730,58
8485,1730,60
8486,1731,58
8487,1731,60
8488,1732,58
8489,1732,60
8490,1733,58
8491,1733,60
8492,1734,58
8493,1734,60
8494,1735,58
8495,1735,60
8496,1736,58
8497,1736,60
8498,1737,58
8499,1737,60
8500,1738,58
8501,1738,60
8502,1739,58
8503,1739,60
8504,1740,58
8505,1740,60
8506,1741,58
8507,1741,60
8508,1742,5
8509,1742,6
8510,1743,58
8511,1743,60
8512,1744,58
8513,1744,60
8514,1745,58
8515,1745,60
8516,1746,58
8517,1746,60
8518,1747,58
8519,1747,60
8520,1748,58
8521,1748,60
8522,1749,50
8523,1749,52
8524,1749,54
8525,1749,56
8526,1749,58
8527,1750,3
8528,1750,5
8529,1750,8
8530,1750,9
8531,1750,11
8532,1750,13
8533,1750,15
8534,1750,21
8535,1750,23
8536,1750,25
8537,1750,27
8538,1750,29
8539,1750,31
8540,1750,33
8541,1750,35
8542,1750,37
8543,1750,39
8544,1750,41
8545,1750,43
8546,1750,46
8547,1750,48
8548,1750,50
8549,1750,52
8550,1750,54
8551,1750,56
8552,1750,58
8553,1751,4
8554,1751,5
8555,1751,6
8556,1751,8
8557,1751,9
8558,1751,11
8559,1751,13
8560,1751,15
8561,1751,21
8562,1751,23
8563,1751,25
8564,1751,27
8565,1751,29
8566,1751,31
8567,1751,33
8568,1751,35
8569,1751,37
8570,1751,39
8571,1751,41
8572,1751,43
8573,1751,46
8574,1751,48
8575,1751,50
8576,1751,52
8577,1751,54
8578,1751,56
8579,1751,58
8580,1752,3
8581,1752,33
8582,1752,35
8583,1752,37
8584,1752,39
8585,1752,41
8586,1752,43
8587,1752,46
8588,1753,33
8589,1753,35
8590,1753,37
8591,1753,39
8592,1753,41
8593,1753,43
8594,1753,46
8595,1754,56
8596,1754,58
8597,1755,8
8598,1755,9
8599,1755,11
8600,1755,13
8601,1755,15
8602,1755,21
8603,1755,23
8604,1755,25
8605,1755,27
8606,1755,29
8607,1755,31
8608,1755,33
8609,1755,35
8610,1755,37
8611,1755,39
8612,1755,41
8613,1755,43
8614,1755,46
8615,1755,48
8616,1755,50
8617,1755,52
8618,1755,54
8619,1755,56
8620,1755,58
8621,1756,5
8622,1756,8
8623,1756,9
8624,1756,11
8625,1756,13
8626,1756,15
8627,1756,21
8628,1756,23
8629,1756,25
8630,1756,27
8631,1756,29
8632,1756,31
8633,1756,33
8634,1756,35
8635,1756,37
8636,1756,39
8637,1756,41
8638,1756,43
8639,1756,46
8640,1756,48
8641,1756,50
8642,1756,52
8643,1756,54
8644,1756,56
8645,1756,58
8646,1757,50
8647,1757,52
8648,1757,54
8649,1757,56
8650,1757,58
8651,1758,3
8652,1758,5
8653,1758,8
8654,1758,9
8655,1758,11
8656,1758,13
8657,1758,15
8658,1758,21
8659,1758,23
8660,1758,25
8661,1758,27
8662,1758,29
8663,1758,31
8664,1758,33
8665,1758,35
8666,1758,37
8667,1758,39
8668,1758,41
8669,1758,43
8670,1758,46
8671,1758,48
8672,1758,50
8673,1758,52
8674,1758,54
8675,1759,4
8676,1759,5
8677,1759,6
8678,1759,8
8679,1759,9
8680,1759,11
8681,1759,13
8682,1759,15
8683,1759,21
8684,1759,23
8685,1759,25
8686,1759,27
8687,1759,29
8688,1759,31
8689,1759,33
8690,1759,35
8691,1759,37
8692,1759,39
8693,1759,41
8694,1759,43
8695,1759,46
8696,1759,48
8697,1759,50
8698,1759,52
8699,1759,54
8700,1760,6
8701,1761,6
8702,1762,50
8703,1762,52
8704,1762,54
8705,1762,56
8706,1762,58
8707,1763,5
8708,1763,8
8709,1763,9
8710,1763,11
8711,1763,13
8712,1763,15
8713,1763,21
8714,1763,23
8715,1763,25
8716,1763,27
8717,1763,29
8718,1763,31
8719,1763,33
8720,1763,35
8721,1763,37
8722,1763,39
8723,1763,41
8724,1763,43
8725,1763,46
8726,1763,48
8727,1763,50
8728,1763,52
8729,1763,54
8730,1763,56
8731,1763,58
8732,1764,4
8733,1764,5
8734,1764,8
8735,1764,9
8736,1764,11
8737,1764,13
8738,1764,15
8739,1764,21
8740,1764,23
8741,1764,25
8742,1764,27
8743,1764,29
8744,1764,31
8745,1764,33
8746,1764,35
8747,1764,37
8748,1764,39
8749,1764,41
8750,1764,43
8751,1764,46
8752,1764,48
8753,1764,50
8754,1764,52
8755,1764,54
8756,1764,56
8757,1764,58
8758,1765,6
8759,1766,3
8760,1768,33
8761,1768,35
8762,1768,37
8763,1768,39
8764,1768,41
8765,1768,43
8766,1768,46
8767,1768,48
8768,1768,50
8769,1768,52
8770,1768,54
8771,1768,56
8772,1768,58
8773,1769,33
8774,1769,35
8775,1769,37
8776,1769,39
8777,1769,41
8778,1769,43
8779,1769,46
8780,1769,48
8781,1769,50
8782,1769,52
8783,1769,54
8784,1769,56
8785,1769,58
8786,1770,1
8787,1771,3
8788,1771,9
8789,1771,11
8790,1771,13
8791,1771,15
8792,1771,21
8793,1771,23
8794,1771,25
8795,1771,27
8796,1771,29
8797,1771,31
8798,1771,33
8799,1771,35
8800,1771,37
8801,1771,39
8802,1771,41
8803,1771,43
8804,1771,46
8805,1771,48
8806,1771,50
8807,1771,52
8808,1771,54
8809,1771,56
8810,1771,58
8811,1772,13
8812,1772,15
8813,1772,21
8814,1772,23
8815,1772,25
8816,1772,27
8817,1772,29
8818,1772,31
8819,1772,33
8820,1772,35
8821,1772,37
8822,1772,39
8823,1772,41
8824,1772,43
8825,1772,46
8826,1772,48
8827,1772,50
8828,1772,52
8829,1772,54
8830,1772,56
8831,1772,58
